-- phpMyAdmin SQL Dump
-- version 4.8.3
-- https://www.phpmyadmin.net/
--
-- Host: localhost:3306
-- Generation Time: Apr 04, 2020 at 09:59 AM
-- Server version: 5.6.41-84.1-log
-- PHP Version: 7.2.7

SET SQL_MODE = "NO_AUTO_VALUE_ON_ZERO";
SET AUTOCOMMIT = 0;
START TRANSACTION;
SET time_zone = "+00:00";


/*!40101 SET @OLD_CHARACTER_SET_CLIENT=@@CHARACTER_SET_CLIENT */;
/*!40101 SET @OLD_CHARACTER_SET_RESULTS=@@CHARACTER_SET_RESULTS */;
/*!40101 SET @OLD_COLLATION_CONNECTION=@@COLLATION_CONNECTION */;
/*!40101 SET NAMES utf8mb4 */;

--
-- Database: `coralyjd_rental_manage`
--

-- --------------------------------------------------------

--
-- Table structure for table `announcement`
--

CREATE TABLE `announcement` (
  `announcement_id` int(11) NOT NULL,
  `announcement_name` varchar(255) DEFAULT NULL,
  `announcement_type` varchar(255) DEFAULT NULL,
  `announcement_desc` text,
  `status` int(11) DEFAULT '1',
  `created_at` datetime DEFAULT CURRENT_TIMESTAMP,
  `modified_at` datetime DEFAULT NULL
) ENGINE=InnoDB DEFAULT CHARSET=latin1;

--
-- Dumping data for table `announcement`
--

INSERT INTO `announcement` (`announcement_id`, `announcement_name`, `announcement_type`, `announcement_desc`, `status`, `created_at`, `modified_at`) VALUES
(1, 'anounce name', NULL, 'announce desc', 0, '2020-03-03 10:57:23', '2020-03-04 05:39:03'),
(2, '10 new properties added', NULL, 'sdfadsf', 1, '2020-03-04 08:10:02', NULL);

-- --------------------------------------------------------

--
-- Table structure for table `announcement_document`
--

CREATE TABLE `announcement_document` (
  `announcement_document_id` int(11) NOT NULL,
  `announcement_id` int(11) DEFAULT NULL,
  `announcement_file_name` varchar(255) DEFAULT NULL,
  `announcement_file_ext` varchar(255) DEFAULT NULL,
  `announcement_file_orginal_name` varchar(255) DEFAULT NULL,
  `announcement_file_url` varchar(255) DEFAULT NULL,
  `announcement_file_path` varchar(255) DEFAULT NULL,
  `status` int(11) NOT NULL DEFAULT '1',
  `created_at` datetime NOT NULL DEFAULT CURRENT_TIMESTAMP,
  `modified_at` datetime DEFAULT NULL
) ENGINE=MyISAM DEFAULT CHARSET=latin1;

--
-- Dumping data for table `announcement_document`
--

INSERT INTO `announcement_document` (`announcement_document_id`, `announcement_id`, `announcement_file_name`, `announcement_file_ext`, `announcement_file_orginal_name`, `announcement_file_url`, `announcement_file_path`, `status`, `created_at`, `modified_at`) VALUES
(1, 1, 'announcement_file', '06', 'WhatsApp_Image_2019-07-03_at_08.06.02.jpg', 'http://coralmint.in/rental/upload/announcement/WhatsApp_Image_2019-07-03_at_08.06.02.jpg', 'upload/announcement/', 1, '2020-03-03 10:56:46', '2020-03-03 10:57:23');

-- --------------------------------------------------------

--
-- Table structure for table `comment_info`
--

CREATE TABLE `comment_info` (
  `comment_id` int(11) NOT NULL,
  `owner_id` int(11) DEFAULT NULL,
  `comment_for` varchar(255) DEFAULT NULL,
  `comment` varchar(255) DEFAULT NULL,
  `comment_date` datetime DEFAULT NULL,
  `sent_by` varchar(255) DEFAULT NULL,
  `status` int(11) DEFAULT NULL,
  `created_at` datetime DEFAULT CURRENT_TIMESTAMP,
  `modified_at` datetime NOT NULL DEFAULT CURRENT_TIMESTAMP
) ENGINE=InnoDB DEFAULT CHARSET=latin1;

-- --------------------------------------------------------

--
-- Table structure for table `log_history`
--

CREATE TABLE `log_history` (
  `log_history_id` int(11) NOT NULL,
  `user_id` int(11) DEFAULT NULL,
  `user_name` varchar(255) DEFAULT NULL,
  `role` varchar(255) DEFAULT NULL,
  `status` int(11) DEFAULT '1',
  `created_at` datetime NOT NULL DEFAULT CURRENT_TIMESTAMP,
  `update_date` datetime DEFAULT NULL
) ENGINE=InnoDB DEFAULT CHARSET=latin1;

--
-- Dumping data for table `log_history`
--

INSERT INTO `log_history` (`log_history_id`, `user_id`, `user_name`, `role`, `status`, `created_at`, `update_date`) VALUES
(103, 0, 'Admin', '1', 1, '2020-03-06 05:53:07', NULL),
(104, 13, 'ssss', '2', 1, '2020-03-06 05:57:45', NULL),
(105, 13, 'raja', '2', 1, '2020-03-06 06:01:13', NULL),
(106, 0, 'Admin', '1', 1, '2020-03-06 06:01:43', NULL),
(107, 0, 'Admin', '1', 1, '2020-03-06 09:10:39', NULL),
(108, 0, 'Admin', '1', 1, '2020-03-06 09:11:23', NULL),
(109, 0, 'Admin', '1', 1, '2020-03-06 09:11:37', NULL),
(110, 48, 'seelima', '2', 1, '2020-03-06 09:13:35', NULL),
(111, 48, 'seelima', '2', 1, '2020-03-06 09:14:58', NULL),
(112, 48, 'seelima', '2', 1, '2020-03-06 09:14:58', NULL),
(113, 0, 'Admin', '1', 1, '2020-03-06 10:27:10', NULL),
(114, 0, 'Admin', '1', 1, '2020-03-06 10:28:12', NULL),
(115, 0, 'Admin', '1', 1, '2020-03-06 10:32:32', NULL),
(116, 0, 'Admin', '1', 1, '2020-03-06 10:37:43', NULL),
(117, 50, 'meenatchi', '2', 1, '2020-03-06 10:38:43', NULL),
(118, 50, 'meenatchi', '2', 1, '2020-03-06 10:39:34', NULL),
(119, 50, 'meenatchi', '2', 1, '2020-03-06 10:40:09', NULL),
(120, 50, 'meenatchi', '2', 1, '2020-03-06 10:45:14', NULL),
(121, 50, 'meenatchi', '2', 1, '2020-03-06 10:45:34', NULL),
(122, 50, 'meenatchi', '2', 1, '2020-03-06 10:46:02', NULL),
(123, 50, 'meenatchi', '2', 1, '2020-03-06 10:47:00', NULL),
(124, 50, 'meenatchi', '2', 1, '2020-03-06 10:47:11', NULL),
(125, 50, 'meenatchi', '2', 1, '2020-03-06 11:23:03', NULL),
(126, 50, 'meenatchi', '2', 1, '2020-03-06 11:23:21', NULL),
(127, 50, 'meenatchi', '2', 1, '2020-03-06 11:33:04', NULL),
(128, 50, 'meenatchi', '2', 1, '2020-03-06 11:35:57', NULL),
(129, 50, 'meenatchi', '2', 1, '2020-03-06 11:48:47', NULL),
(130, 0, 'Admin', '1', 1, '2020-03-06 12:41:44', NULL),
(131, 0, 'Admin', '1', 1, '2020-03-06 12:43:02', NULL),
(132, 50, 'meenatchi', '2', 1, '2020-03-06 13:22:02', NULL),
(133, 50, 'meenatchi', '2', 1, '2020-03-06 13:22:28', NULL),
(134, 50, 'meenatchi', '2', 1, '2020-03-06 13:23:59', NULL),
(135, 50, 'meenatchi', '2', 1, '2020-03-06 13:26:34', NULL),
(136, 50, 'meenatchi', '2', 1, '2020-03-06 13:27:39', NULL),
(137, 50, 'meenatchi', '2', 1, '2020-03-06 13:28:35', NULL),
(138, 50, 'meenatchi', '2', 1, '2020-03-06 13:29:10', NULL),
(139, 50, 'meenatchi', '2', 1, '2020-03-06 13:29:46', NULL),
(140, 50, 'meenatchi', '2', 1, '2020-03-06 13:30:19', NULL),
(141, 47, 'ramesh', '2', 1, '2020-03-06 13:31:12', NULL),
(142, 0, 'Admin', '1', 1, '2020-03-06 13:33:21', NULL),
(143, 50, 'meenatchi', '2', 1, '2020-03-06 13:34:02', NULL),
(144, 47, 'ramesh', '2', 1, '2020-03-06 13:58:50', NULL),
(145, 0, 'Admin', '1', 1, '2020-03-06 13:59:54', NULL),
(146, 0, 'Admin', '1', 1, '2020-03-06 15:00:25', NULL),
(147, 0, 'Admin', '1', 1, '2020-03-06 15:02:13', NULL),
(148, 0, 'Admin', '1', 1, '2020-03-06 15:44:23', NULL),
(149, 13, 'raja', '2', 1, '2020-03-09 04:33:09', NULL),
(150, 0, 'Admin', '1', 1, '2020-03-09 04:34:36', NULL),
(151, 0, 'Admin', '1', 1, '2020-03-09 06:20:00', NULL),
(152, 0, 'Admin', '1', 1, '2020-03-09 06:20:01', NULL),
(153, 0, 'Admin', '1', 1, '2020-03-09 06:20:04', NULL),
(154, 0, 'Admin', '1', 1, '2020-03-09 06:20:09', NULL),
(155, 0, 'Admin', '1', 1, '2020-03-09 06:20:16', NULL),
(156, 0, 'Admin', '1', 1, '2020-03-09 06:20:20', NULL),
(157, 13, 'raja', '2', 1, '2020-03-09 06:22:08', NULL),
(158, 13, 'raja', '2', 1, '2020-03-09 06:22:29', NULL),
(159, 0, 'Admin', '1', 1, '2020-03-09 08:44:27', NULL),
(160, 0, 'Admin', '1', 1, '2020-03-09 08:44:50', NULL),
(161, 0, 'Admin', '1', 1, '2020-03-09 08:47:46', NULL),
(162, 13, 'raja', '2', 1, '2020-03-09 10:07:17', NULL),
(163, 0, 'Admin', '1', 1, '2020-03-10 04:52:18', NULL),
(164, 0, 'Admin', '1', 1, '2020-03-10 06:56:42', NULL),
(165, 13, 'raja', '2', 1, '2020-03-10 06:59:23', NULL),
(166, 13, 'raja', '2', 1, '2020-03-10 07:00:25', NULL),
(167, 13, 'raja', '2', 1, '2020-03-10 07:00:38', NULL),
(168, 0, 'Admin', '1', 1, '2020-03-10 07:01:48', NULL),
(169, 0, 'Admin', '1', 1, '2020-03-10 07:02:34', NULL),
(170, 0, 'Admin', '1', 1, '2020-03-10 07:03:02', NULL),
(171, 13, 'raja', '2', 1, '2020-03-10 07:12:12', NULL),
(172, 13, 'raja', '2', 1, '2020-03-10 07:24:28', NULL),
(173, 13, 'raja', '2', 1, '2020-03-10 07:24:49', NULL),
(174, 13, 'raja', '2', 1, '2020-03-10 07:25:01', NULL),
(175, 13, 'raja', '2', 1, '2020-03-10 07:25:47', NULL),
(176, 0, 'Admin', '1', 1, '2020-03-10 07:26:04', NULL),
(177, 0, 'Admin', '1', 1, '2020-03-10 07:26:24', NULL),
(178, 0, 'Admin', '1', 1, '2020-03-10 07:27:03', NULL),
(179, 0, 'Admin', '1', 1, '2020-03-10 07:27:07', NULL),
(180, 0, 'Admin', '1', 1, '2020-03-10 07:27:10', NULL),
(181, 0, 'Admin', '1', 1, '2020-03-10 07:29:04', NULL),
(182, 0, 'Admin', '1', 1, '2020-03-10 07:29:13', NULL),
(183, 13, 'raja', '2', 1, '2020-03-10 07:29:30', NULL),
(184, 0, 'Admin', '1', 1, '2020-03-10 07:29:58', NULL),
(185, 13, 'raja', '2', 1, '2020-03-10 07:30:13', NULL),
(186, 0, 'Admin', '1', 1, '2020-03-10 09:21:47', NULL),
(187, 13, 'raja', '2', 1, '2020-03-10 09:27:20', NULL),
(188, 13, 'raja', '2', 1, '2020-03-10 09:28:09', NULL),
(189, 0, 'Admin', '1', 1, '2020-03-10 09:33:00', NULL),
(190, 0, 'Admin', '1', 1, '2020-03-10 09:33:16', NULL),
(191, 13, 'raja', '2', 1, '2020-03-10 09:34:11', NULL),
(192, 13, 'raja', '2', 1, '2020-03-10 09:34:35', NULL),
(193, 13, 'raja', '2', 1, '2020-03-10 09:36:08', NULL),
(194, 13, 'raja', '2', 1, '2020-03-10 09:36:37', NULL),
(195, 13, 'raja', '2', 1, '2020-03-10 09:37:04', NULL),
(196, 13, 'raja', '2', 1, '2020-03-10 09:37:24', NULL),
(197, 13, 'raja', '2', 1, '2020-03-10 09:38:55', NULL),
(198, 0, 'Admin', '1', 1, '2020-03-10 11:17:47', NULL),
(199, 0, 'Admin', '1', 1, '2020-03-10 11:17:47', NULL),
(200, 0, 'Admin', '1', 1, '2020-03-10 11:20:30', NULL),
(201, 0, 'Admin', '1', 1, '2020-03-10 13:01:41', NULL),
(202, 45, 'eniya', '2', 1, '2020-03-10 14:20:32', NULL),
(203, 45, 'eniya', '2', 1, '2020-03-10 14:23:32', NULL),
(204, 45, 'eniya', '2', 1, '2020-03-10 14:42:02', NULL),
(205, 45, 'eniya', '2', 1, '2020-03-10 14:43:48', NULL),
(206, 45, 'eniya', '2', 1, '2020-03-10 14:43:48', NULL),
(207, 0, 'Admin', '1', 1, '2020-03-10 14:44:02', NULL),
(208, 0, 'Admin', '1', 1, '2020-03-10 14:44:41', NULL),
(209, 0, 'Admin', '1', 1, '2020-03-10 14:45:27', NULL),
(210, 0, 'Admin', '1', 1, '2020-03-10 14:45:27', NULL),
(211, 0, 'Admin', '1', 1, '2020-03-10 14:46:06', NULL),
(212, 13, 'raja', '2', 1, '2020-03-10 14:59:00', NULL),
(213, 0, 'Admin', '1', 1, '2020-03-10 14:59:23', NULL),
(214, 13, 'raja', '2', 1, '2020-02-10 15:01:38', NULL),
(215, 0, 'Admin', '1', 1, '2020-03-11 04:37:34', NULL),
(216, 0, 'Admin', '1', 1, '2020-03-11 04:55:16', NULL),
(217, 0, 'Admin', '1', 1, '2020-03-11 10:18:43', NULL),
(218, 13, 'raja', '2', 1, '2020-03-11 10:21:20', NULL),
(219, 13, 'raja', '2', 1, '2020-03-11 10:21:57', NULL),
(220, 13, 'raja', '2', 1, '2020-03-11 10:22:08', NULL),
(221, 13, 'raja', '2', 1, '2020-03-11 10:22:27', NULL),
(222, 0, 'Admin', '1', 1, '2020-03-11 10:26:11', NULL),
(223, 13, 'raja', '2', 1, '2020-03-11 11:11:22', NULL),
(224, 0, 'Admin', '1', 1, '2020-03-11 11:30:46', NULL),
(225, 13, 'raja', '2', 1, '2020-03-11 11:31:09', NULL),
(226, 13, 'raja', '2', 1, '2020-03-11 11:32:19', NULL),
(227, 13, 'raja', '2', 1, '2020-03-11 11:46:03', NULL),
(228, 13, 'raja', '2', 1, '2020-03-11 11:46:39', NULL),
(229, 13, 'raja', '2', 1, '2020-03-11 11:47:12', NULL),
(230, 13, 'raja', '2', 1, '2020-03-11 11:47:51', NULL),
(231, 13, 'raja', '2', 1, '2020-03-11 11:50:07', NULL),
(232, 13, 'raja', '2', 1, '2020-03-11 11:50:40', NULL),
(233, 13, 'raja', '2', 1, '2020-03-11 12:20:33', NULL),
(234, 0, 'Admin', '1', 1, '2020-03-16 09:31:48', NULL),
(235, 0, 'Admin', '1', 1, '2020-03-17 04:58:38', NULL),
(236, 13, 'raja', '2', 1, '2020-03-17 05:06:54', NULL),
(237, 0, 'Admin', '1', 1, '2020-03-17 11:39:24', NULL),
(238, 13, 'raja', '2', 1, '2020-03-17 11:42:09', NULL),
(239, 0, 'Admin', '1', 1, '2020-03-17 12:24:11', NULL),
(240, 0, 'Admin', '1', 1, '2020-03-18 07:11:21', NULL),
(241, 0, 'Admin', '1', 1, '2020-03-18 11:38:05', NULL),
(242, 0, 'Admin', '1', 1, '2020-03-20 05:01:15', NULL),
(243, 0, 'Admin', '1', 1, '2020-03-20 05:07:35', NULL),
(244, 13, 'raja', '2', 1, '2020-03-20 07:46:10', NULL),
(245, 0, 'Admin', '1', 1, '2020-03-20 07:47:38', NULL),
(246, 0, 'Admin', '1', 1, '2020-03-20 07:49:26', NULL),
(247, 0, 'Admin', '1', 1, '2020-03-21 11:33:25', NULL),
(248, 0, 'Admin', '1', 1, '2020-03-23 06:14:25', NULL),
(249, 0, 'Admin', '1', 1, '2020-03-23 06:17:30', NULL),
(250, 0, 'Admin', '1', 1, '2020-03-23 06:18:44', NULL),
(251, 0, 'Admin', '1', 1, '2020-03-23 06:19:47', NULL),
(252, 0, 'Admin', '1', 1, '2020-03-23 10:15:38', NULL),
(253, 0, 'Admin', '1', 1, '2020-03-26 05:09:10', NULL),
(254, 0, 'Admin', '1', 1, '2020-03-26 05:09:11', NULL),
(255, 0, 'Admin', '1', 1, '2020-03-26 05:13:50', NULL),
(256, 0, 'Admin', '1', 1, '2020-03-26 05:13:51', NULL),
(257, 45, 'eniya', '2', 1, '2020-03-26 05:17:49', NULL),
(258, 45, 'eniya', '2', 1, '2020-03-26 05:20:44', NULL),
(259, 45, 'eniya', '2', 1, '2020-03-26 05:20:44', NULL),
(260, 45, 'eniya', '2', 1, '2020-03-26 05:21:30', NULL),
(261, 45, 'eniya', '2', 1, '2020-03-26 05:26:29', NULL),
(262, 45, 'eniya', '2', 1, '2020-03-26 05:26:30', NULL),
(263, 0, 'Admin', '1', 1, '2020-03-26 05:28:10', NULL),
(264, 0, 'Admin', '1', 1, '2020-03-26 05:28:11', NULL),
(265, 0, 'Admin', '1', 1, '2020-03-26 05:33:37', NULL),
(266, 0, 'Admin', '1', 1, '2020-03-26 05:33:38', NULL),
(267, 45, 'eniya', '2', 1, '2020-03-26 06:15:24', NULL),
(268, 0, 'Admin', '1', 1, '2020-03-26 06:15:59', NULL),
(269, 0, 'Admin', '1', 1, '2020-03-26 07:13:13', NULL),
(270, 13, 'raja', '2', 1, '2020-03-27 07:36:06', NULL),
(271, 13, 'raja', '2', 1, '2020-03-27 07:38:01', NULL),
(272, 13, 'raja', '2', 1, '2020-03-27 07:45:47', NULL),
(273, 13, 'raja', '2', 1, '2020-03-27 07:52:29', NULL),
(274, 13, 'raja', '2', 1, '2020-03-27 07:53:19', NULL),
(275, 13, 'raja', '2', 1, '2020-03-27 07:59:43', NULL),
(276, 13, 'raja', '2', 1, '2020-03-27 08:01:11', NULL),
(277, 13, 'raja', '2', 1, '2020-03-27 08:01:18', NULL),
(278, 13, 'raja', '2', 1, '2020-03-27 08:02:24', NULL),
(279, 13, 'raja', '2', 1, '2020-03-27 08:05:05', NULL),
(280, 0, 'Admin', '1', 1, '2020-03-27 08:12:08', NULL),
(281, 13, 'raja', '2', 1, '2020-03-27 08:21:18', NULL),
(282, 13, 'raja', '2', 1, '2020-03-27 08:23:27', NULL),
(283, 13, 'raja', '2', 1, '2020-03-27 08:29:51', NULL),
(284, 13, 'raja', '2', 1, '2020-03-27 08:33:34', NULL),
(285, 13, 'raja', '2', 1, '2020-03-27 08:34:19', NULL),
(286, 13, 'raja', '2', 1, '2020-03-27 08:35:32', NULL),
(287, 0, 'Admin', '1', 1, '2020-03-27 10:20:05', NULL),
(288, 0, 'Admin', '1', 1, '2020-03-27 10:20:47', NULL),
(289, 0, 'Admin', '1', 1, '2020-03-27 10:21:23', NULL),
(290, 13, 'raja', '2', 1, '2020-03-27 10:21:46', NULL),
(291, 13, 'raja', '2', 1, '2020-03-27 10:26:51', NULL),
(292, 0, 'Admin', '1', 1, '2020-03-27 10:27:24', NULL),
(293, 13, 'raja', '2', 1, '2020-03-27 10:39:42', NULL),
(294, 0, 'Admin', '1', 1, '2020-03-27 10:46:06', NULL),
(295, 30, 'OUSS', '2', 1, '2020-03-27 15:21:01', NULL),
(296, 0, 'Admin', '1', 1, '2020-03-29 15:25:23', NULL),
(297, 0, 'Admin', '1', 1, '2020-03-31 18:53:31', NULL),
(298, 13, 'raja', '2', 1, '2020-04-01 06:25:20', NULL),
(299, 0, 'Admin', '1', 1, '2020-04-01 06:30:32', NULL),
(300, 0, 'Admin', '1', 1, '2020-04-01 09:32:18', NULL),
(301, 0, 'Admin', '1', 1, '2020-04-01 09:33:36', NULL),
(302, 0, 'Admin', '1', 1, '2020-04-01 09:42:42', NULL),
(303, 52, 'Jordan', '2', 1, '2020-04-01 09:43:21', NULL),
(304, 52, 'Jordan', '2', 1, '2020-04-01 09:44:07', NULL),
(305, 52, 'Jordan', '2', 1, '2020-04-01 09:55:56', NULL),
(306, 52, 'ALL', '2', 1, '2020-04-01 09:59:59', NULL),
(307, 52, 'ALL', '2', 1, '2020-04-01 10:34:09', NULL),
(308, 52, 'ALL', '2', 1, '2020-04-01 10:34:32', NULL),
(309, 52, 'ALL', '2', 1, '2020-04-01 10:34:46', NULL),
(310, 0, 'Admin', '1', 1, '2020-04-01 16:30:24', NULL),
(311, 0, 'Admin', '1', 1, '2020-04-01 16:31:05', NULL),
(312, 0, 'Admin', '1', 1, '2020-04-01 16:32:10', NULL),
(313, 0, 'Admin', '1', 1, '2020-04-01 16:32:58', NULL),
(314, 0, 'Admin', '1', 1, '2020-04-03 15:22:40', NULL),
(315, 0, 'Admin', '1', 1, '2020-04-03 15:23:08', NULL),
(316, 52, 'ALL', '2', 1, '2020-04-03 15:23:58', NULL),
(317, 52, 'ALL', '2', 1, '2020-04-03 15:42:28', NULL),
(318, 0, 'Admin', '1', 1, '2020-04-03 15:43:06', NULL);

-- --------------------------------------------------------

--
-- Table structure for table `master_table`
--

CREATE TABLE `master_table` (
  `master_table_id` int(11) NOT NULL,
  `master_for` varchar(255) DEFAULT NULL,
  `master_key` varchar(255) DEFAULT NULL,
  `master_value` varchar(255) DEFAULT NULL,
  `status` int(11) NOT NULL DEFAULT '1',
  `created_at` datetime NOT NULL DEFAULT CURRENT_TIMESTAMP,
  `modified_at` datetime DEFAULT NULL
) ENGINE=InnoDB DEFAULT CHARSET=latin1;

-- --------------------------------------------------------

--
-- Table structure for table `notification_log`
--

CREATE TABLE `notification_log` (
  `notification_log_id` int(11) NOT NULL,
  `log_from` int(11) DEFAULT NULL,
  `log_to` int(11) DEFAULT NULL,
  `log_details` varchar(255) DEFAULT NULL,
  `log_for` varchar(255) DEFAULT NULL,
  `status` int(11) DEFAULT '1',
  `created_at` datetime NOT NULL DEFAULT CURRENT_TIMESTAMP,
  `modified_at` datetime DEFAULT NULL
) ENGINE=InnoDB DEFAULT CHARSET=latin1;

--
-- Dumping data for table `notification_log`
--

INSERT INTO `notification_log` (`notification_log_id`, `log_from`, `log_to`, `log_details`, `log_for`, `status`, `created_at`, `modified_at`) VALUES
(39, 1, 13, '13', 'Owner Upload New Document', 2, '2020-03-04 05:53:19', '2020-03-10 07:03:17'),
(43, 1, 13, '13', 'Owner Upload New Document', 2, '2020-03-04 07:13:56', '2020-03-10 07:06:52'),
(44, 1, 13, '13', 'Owner Upload New Document', 2, '2020-03-04 07:21:47', '2020-03-10 07:11:58'),
(45, 0, 13, '13', 'New document request is created', 2, '2020-03-04 08:02:50', '2020-03-10 07:12:03'),
(46, 1, 13, '13', 'Owner Upload New Document', 2, '2020-03-04 08:04:38', '2020-03-10 07:12:19'),
(47, 0, 13, '2', 'admin post a new announcement', 2, '2020-03-04 08:10:02', '2020-03-05 04:41:56'),
(48, 1, 13, '13', 'Owner Upload New Document', 2, '2020-03-05 06:39:17', '2020-03-05 07:09:31'),
(49, 1, 13, '13', 'Owner Upload New Document', 2, '2020-03-05 06:41:33', '2020-03-10 07:12:25'),
(50, 1, 13, '13', 'Owner Upload New Document', 2, '2020-03-05 06:45:46', '2020-03-05 07:09:27'),
(51, 1, 13, '13', 'Owner Upload New Document', 2, '2020-03-05 07:08:17', '2020-03-05 07:09:24'),
(52, 1, 13, '13', 'Owner Upload New Document', 2, '2020-03-05 07:09:41', '2020-03-10 09:34:42'),
(53, 1, 13, '13', 'Owner Upload New Document', 2, '2020-03-05 07:10:08', '2020-03-10 09:34:45'),
(54, 0, 47, '47', 'New document request is created', 2, '2020-03-05 13:09:57', '2020-03-10 15:19:05'),
(55, 1, 47, '47', 'Owner Upload New Document', 1, '2020-03-05 13:37:20', NULL),
(56, 0, 48, '48', 'New document request is created', 2, '2020-03-06 09:12:28', '2020-03-26 06:21:48'),
(57, 1, 48, '48', 'Owner Upload New Document', 1, '2020-03-06 09:15:19', NULL),
(58, 1, 13, '13', 'Owner Upload New Document', 2, '2020-03-09 06:22:37', '2020-03-10 09:34:47'),
(59, 1, 13, '13', 'Owner Upload New Document', 2, '2020-03-10 07:00:52', '2020-03-10 09:34:49'),
(60, 0, 13, '13', 'New document request is created', 1, '2020-03-10 07:13:41', NULL),
(61, 1, 13, '13', 'Owner Upload New Document', 2, '2020-03-10 07:25:15', '2020-03-10 09:34:55'),
(62, 1, 13, '13', 'Owner Upload New Document', 2, '2020-03-10 07:29:39', '2020-03-10 09:35:00'),
(63, 1, 13, '13', 'Owner Upload New Document', 1, '2020-03-10 07:30:22', NULL),
(64, 1, 13, '13', 'Owner Upload New Document', 1, '2020-03-10 09:28:23', NULL),
(65, 0, 13, '13', 'New document request is created', 1, '2020-03-10 09:34:04', NULL),
(66, 0, 13, '13', 'New document request is created', 1, '2020-03-10 09:35:56', NULL),
(67, 0, 13, '13', 'New document request is created', 2, '2020-03-10 09:36:32', '2020-03-10 09:36:59'),
(68, 0, 45, '45', 'New document request is created', 1, '2020-03-10 15:13:04', NULL),
(69, 0, 13, '13', 'Admin update document request.', 2, '2020-03-11 12:20:02', '2020-03-27 08:35:24'),
(70, 0, NULL, NULL, 'Admin update document request.', 1, '2020-03-26 05:21:30', NULL),
(71, 0, 13, '13', 'New document request is created', 1, '2020-03-27 11:25:17', NULL),
(72, 0, 52, '52', 'New document request is created', 1, '2020-04-01 10:48:24', NULL),
(73, 1, 52, '52', 'Owner Upload New Document', 1, '2020-04-03 15:31:32', NULL);

-- --------------------------------------------------------

--
-- Table structure for table `occupancy_info`
--

CREATE TABLE `occupancy_info` (
  `occupancy_id` int(11) NOT NULL,
  `property_id` int(11) DEFAULT NULL,
  `date` datetime DEFAULT NULL,
  `property_rent_id` int(11) DEFAULT NULL,
  `rent` varchar(255) DEFAULT NULL,
  `occupancy_status` int(11) DEFAULT NULL,
  `status` int(11) DEFAULT NULL,
  `created_at` datetime NOT NULL DEFAULT CURRENT_TIMESTAMP,
  `modified_at` datetime NOT NULL DEFAULT CURRENT_TIMESTAMP
) ENGINE=InnoDB DEFAULT CHARSET=latin1;

--
-- Dumping data for table `occupancy_info`
--

INSERT INTO `occupancy_info` (`occupancy_id`, `property_id`, `date`, `property_rent_id`, `rent`, `occupancy_status`, `status`, `created_at`, `modified_at`) VALUES
(1, 18, '2020-02-20 00:00:00', NULL, '500', 1, 1, '2020-02-14 07:55:57', '2020-02-14 07:55:57'),
(2, 18, '2020-02-21 00:00:00', NULL, '500', 1, 1, '2020-02-14 07:55:57', '2020-02-14 07:55:57'),
(1497, 24, '2021-02-24 00:00:00', 1, '', 1, 1, '2020-02-20 11:05:43', '2020-02-20 11:05:43'),
(1498, 24, '2021-02-25 00:00:00', 1, '', 1, 1, '2020-02-20 11:05:44', '2020-02-20 11:05:44'),
(1499, 24, '2021-02-26 00:00:00', 1, '', 1, 1, '2020-02-20 11:05:44', '2020-02-20 11:05:44'),
(1500, 24, '2021-02-27 00:00:00', 1, '', 1, 1, '2020-02-20 11:05:44', '2020-02-20 11:05:44'),
(1501, 24, '2021-02-28 00:00:00', 1, '', 1, 1, '2020-02-20 11:05:44', '2020-02-20 11:05:44'),
(1502, 24, '2021-03-01 00:00:00', 1, '', 1, 1, '2020-02-20 11:05:45', '2020-02-20 11:05:45'),
(1503, 24, '2021-03-02 00:00:00', 1, '', 1, 1, '2020-02-20 11:05:45', '2020-02-20 11:05:45'),
(1504, 24, '2021-03-03 00:00:00', 1, '', 1, 1, '2020-02-20 11:05:45', '2020-02-20 11:05:45'),
(1505, 24, '2021-03-04 00:00:00', 1, '', 1, 1, '2020-02-20 11:05:45', '2020-02-20 11:05:45'),
(1506, 24, '2021-03-05 00:00:00', 1, '', 1, 1, '2020-02-20 11:05:46', '2020-02-20 11:05:46'),
(1507, 24, '2021-03-06 00:00:00', 1, '', 1, 1, '2020-02-20 11:05:46', '2020-02-20 11:05:46'),
(1508, 24, '2021-03-07 00:00:00', 1, '', 1, 1, '2020-02-20 11:05:46', '2020-02-20 11:05:46'),
(1509, 24, '2021-03-08 00:00:00', 1, '', 1, 1, '2020-02-20 11:05:46', '2020-02-20 11:05:46'),
(1510, 24, '2021-03-09 00:00:00', 1, '', 1, 1, '2020-02-20 11:05:47', '2020-02-20 11:05:47'),
(1511, 24, '2021-03-10 00:00:00', 1, '', 1, 1, '2020-02-20 11:05:47', '2020-02-20 11:05:47'),
(1512, 24, '2021-03-11 00:00:00', 1, '', 1, 1, '2020-02-20 11:05:47', '2020-02-20 11:05:47'),
(1513, 24, '2021-03-12 00:00:00', 1, '', 1, 1, '2020-02-20 11:05:47', '2020-02-20 11:05:47'),
(1514, 24, '2021-03-13 00:00:00', 1, '', 1, 1, '2020-02-20 11:05:47', '2020-02-20 11:05:47'),
(1515, 24, '2021-03-14 00:00:00', 1, '', 1, 1, '2020-02-20 11:05:48', '2020-02-20 11:05:48'),
(1516, 24, '2021-03-15 00:00:00', 1, '', 1, 1, '2020-02-20 11:05:48', '2020-02-20 11:05:48'),
(1517, 24, '2021-03-16 00:00:00', 1, '', 1, 1, '2020-02-20 11:05:48', '2020-02-20 11:05:48'),
(1518, 24, '2021-03-17 00:00:00', 1, '', 1, 1, '2020-02-20 11:05:49', '2020-02-20 11:05:49'),
(1519, 24, '2021-03-18 00:00:00', 1, '', 1, 1, '2020-02-20 11:05:49', '2020-02-20 11:05:49'),
(1520, 24, '2021-03-19 00:00:00', 1, '', 1, 1, '2020-02-20 11:05:49', '2020-02-20 11:05:49'),
(1521, 24, '2021-03-20 00:00:00', 1, '', 1, 1, '2020-02-20 11:05:49', '2020-02-20 11:05:49'),
(1522, 24, '2021-03-21 00:00:00', 1, '', 1, 1, '2020-02-20 11:05:50', '2020-02-20 11:05:50'),
(1523, 24, '2021-03-22 00:00:00', 1, '', 1, 1, '2020-02-20 11:05:50', '2020-02-20 11:05:50'),
(1524, 24, '2021-03-23 00:00:00', 1, '', 1, 1, '2020-02-20 11:05:50', '2020-02-20 11:05:50'),
(1525, 24, '2021-03-24 00:00:00', 1, '', 1, 1, '2020-02-20 11:05:50', '2020-02-20 11:05:50'),
(1526, 24, '2021-03-25 00:00:00', 1, '', 1, 1, '2020-02-20 11:05:51', '2020-02-20 11:05:51'),
(1527, 24, '2021-03-26 00:00:00', 1, '', 1, 1, '2020-02-20 11:05:51', '2020-02-20 11:05:51'),
(1528, 24, '2021-03-27 00:00:00', 1, '', 1, 1, '2020-02-20 11:05:51', '2020-02-20 11:05:51'),
(1529, 24, '2021-03-28 00:00:00', 1, '', 1, 1, '2020-02-20 11:05:51', '2020-02-20 11:05:51'),
(1530, 24, '2021-03-29 00:00:00', 1, '', 1, 1, '2020-02-20 11:05:52', '2020-02-20 11:05:52'),
(1531, 24, '2021-03-30 00:00:00', 1, '', 1, 1, '2020-02-20 11:05:52', '2020-02-20 11:05:52'),
(1532, 24, '2021-03-31 00:00:00', 1, '', 1, 1, '2020-02-20 11:05:52', '2020-02-20 11:05:52'),
(1533, 24, '2021-04-01 00:00:00', 1, '', 1, 1, '2020-02-20 11:05:52', '2020-02-20 11:05:52'),
(1534, 24, '2021-04-02 00:00:00', 1, '', 1, 1, '2020-02-20 11:05:53', '2020-02-20 11:05:53'),
(1535, 24, '2021-04-03 00:00:00', 1, '', 1, 1, '2020-02-20 11:05:53', '2020-02-20 11:05:53'),
(1536, 24, '2021-04-04 00:00:00', 1, '', 1, 1, '2020-02-20 11:05:53', '2020-02-20 11:05:53'),
(1537, 24, '2021-04-05 00:00:00', 1, '', 1, 1, '2020-02-20 11:05:54', '2020-02-20 11:05:54'),
(1538, 24, '2021-04-06 00:00:00', 1, '', 1, 1, '2020-02-20 11:05:54', '2020-02-20 11:05:54'),
(1539, 24, '2021-04-07 00:00:00', 1, '', 1, 1, '2020-02-20 11:05:54', '2020-02-20 11:05:54'),
(1540, 24, '2021-04-08 00:00:00', 1, '', 1, 1, '2020-02-20 11:05:54', '2020-02-20 11:05:54'),
(1541, 24, '2021-04-09 00:00:00', 1, '', 1, 1, '2020-02-20 11:05:55', '2020-02-20 11:05:55'),
(1542, 24, '2021-04-10 00:00:00', 1, '', 1, 1, '2020-02-20 11:05:55', '2020-02-20 11:05:55'),
(1543, 24, '2021-04-11 00:00:00', 1, '', 1, 1, '2020-02-20 11:05:55', '2020-02-20 11:05:55'),
(1544, 24, '2021-04-12 00:00:00', 1, '', 1, 1, '2020-02-20 11:05:56', '2020-02-20 11:05:56'),
(1545, 24, '2021-04-13 00:00:00', 1, '', 1, 1, '2020-02-20 11:05:56', '2020-02-20 11:05:56'),
(1546, 24, '2021-04-14 00:00:00', 1, '', 1, 1, '2020-02-20 11:05:56', '2020-02-20 11:05:56'),
(1547, 24, '2021-04-15 00:00:00', 1, '', 1, 1, '2020-02-20 11:05:56', '2020-02-20 11:05:56'),
(1548, 24, '2021-04-16 00:00:00', 1, '', 1, 1, '2020-02-20 11:05:57', '2020-02-20 11:05:57'),
(1549, 24, '2021-04-17 00:00:00', 1, '', 1, 1, '2020-02-20 11:05:57', '2020-02-20 11:05:57'),
(1550, 24, '2021-04-18 00:00:00', 1, '', 1, 1, '2020-02-20 11:05:57', '2020-02-20 11:05:57'),
(1551, 24, '2021-04-19 00:00:00', 1, '', 1, 1, '2020-02-20 11:05:58', '2020-02-20 11:05:58'),
(1552, 24, '2021-04-20 00:00:00', 1, '', 1, 1, '2020-02-20 11:05:58', '2020-02-20 11:05:58'),
(1553, 24, '2021-04-21 00:00:00', 1, '', 1, 1, '2020-02-20 11:05:58', '2020-02-20 11:05:58'),
(1554, 24, '2021-04-22 00:00:00', 1, '', 1, 1, '2020-02-20 11:05:59', '2020-02-20 11:05:59'),
(1555, 24, '2021-04-23 00:00:00', 1, '', 1, 1, '2020-02-20 11:05:59', '2020-02-20 11:05:59'),
(1556, 24, '2021-04-24 00:00:00', 1, '', 1, 1, '2020-02-20 11:05:59', '2020-02-20 11:05:59'),
(1557, 24, '2021-04-25 00:00:00', 1, '', 1, 1, '2020-02-20 11:05:59', '2020-02-20 11:05:59'),
(1558, 24, '2021-04-26 00:00:00', 1, '', 1, 1, '2020-02-20 11:06:00', '2020-02-20 11:06:00'),
(1559, 24, '2021-04-27 00:00:00', 1, '', 1, 1, '2020-02-20 11:06:00', '2020-02-20 11:06:00'),
(1560, 24, '2021-04-28 00:00:00', 1, '', 1, 1, '2020-02-20 11:06:00', '2020-02-20 11:06:00'),
(1561, 24, '2021-04-29 00:00:00', 1, '', 1, 1, '2020-02-20 11:06:01', '2020-02-20 11:06:01'),
(1562, 24, '2021-04-30 00:00:00', 1, '', 1, 1, '2020-02-20 11:06:01', '2020-02-20 11:06:01'),
(1563, 24, '2021-05-01 00:00:00', 1, '', 1, 1, '2020-02-20 11:06:01', '2020-02-20 11:06:01'),
(1564, 24, '2021-05-02 00:00:00', 1, '', 1, 1, '2020-02-20 11:06:02', '2020-02-20 11:06:02'),
(1565, 24, '2021-05-03 00:00:00', 1, '', 1, 1, '2020-02-20 11:06:02', '2020-02-20 11:06:02'),
(1566, 24, '2021-05-04 00:00:00', 1, '', 1, 1, '2020-02-20 11:06:02', '2020-02-20 11:06:02'),
(1567, 24, '2021-05-05 00:00:00', 1, '', 1, 1, '2020-02-20 11:06:03', '2020-02-20 11:06:03'),
(1568, 24, '2021-05-06 00:00:00', 1, '', 1, 1, '2020-02-20 11:06:03', '2020-02-20 11:06:03'),
(1569, 24, '2021-05-07 00:00:00', 1, '', 1, 1, '2020-02-20 11:06:03', '2020-02-20 11:06:03'),
(1570, 24, '2021-05-08 00:00:00', 1, '', 1, 1, '2020-02-20 11:06:04', '2020-02-20 11:06:04'),
(1571, 24, '2021-05-09 00:00:00', 1, '', 1, 1, '2020-02-20 11:06:04', '2020-02-20 11:06:04'),
(1572, 24, '2021-05-10 00:00:00', 1, '', 1, 1, '2020-02-20 11:06:04', '2020-02-20 11:06:04'),
(1573, 24, '2021-05-11 00:00:00', 1, '', 1, 1, '2020-02-20 11:06:05', '2020-02-20 11:06:05'),
(1574, 24, '2021-05-12 00:00:00', 1, '', 1, 1, '2020-02-20 11:06:05', '2020-02-20 11:06:05'),
(1575, 24, '2021-05-13 00:00:00', 1, '', 1, 1, '2020-02-20 11:06:05', '2020-02-20 11:06:05'),
(1576, 24, '2021-05-14 00:00:00', 1, '', 1, 1, '2020-02-20 11:06:06', '2020-02-20 11:06:06'),
(1577, 24, '2021-05-15 00:00:00', 1, '', 1, 1, '2020-02-20 11:06:06', '2020-02-20 11:06:06'),
(1578, 18, '2020-02-22 00:00:00', 1, '', 1, 1, '2020-02-20 11:35:03', '2020-02-20 11:35:03'),
(1579, 18, '2020-02-23 00:00:00', 1, '', 1, 1, '2020-02-20 11:35:03', '2020-02-20 11:35:03'),
(1580, 18, '2020-02-24 00:00:00', 1, '', 1, 1, '2020-02-20 11:35:03', '2020-02-20 11:35:03'),
(1581, 18, '2020-02-26 00:00:00', 1, '', 1, 1, '2020-02-20 11:35:03', '2020-02-20 11:35:03'),
(1582, 18, '2020-02-27 00:00:00', 1, '', 1, 1, '2020-02-20 11:35:03', '2020-02-20 11:35:03'),
(1583, 18, '2020-02-28 00:00:00', 1, '', 1, 1, '2020-02-20 11:35:03', '2020-02-20 11:35:03'),
(1584, 18, '2020-03-01 00:00:00', 1, '', 1, 1, '2020-02-20 11:35:03', '2020-02-20 11:35:03'),
(1585, 18, '2020-03-02 00:00:00', 1, '', 1, 1, '2020-02-20 11:35:03', '2020-02-20 11:35:03'),
(1586, 18, '2020-03-03 00:00:00', 1, '', 1, 1, '2020-02-20 11:35:03', '2020-02-20 11:35:03'),
(1587, 18, '2020-03-04 00:00:00', 1, '', 1, 1, '2020-02-20 11:35:03', '2020-02-20 11:35:03'),
(1588, 18, '2020-03-05 00:00:00', 1, '', 1, 1, '2020-02-20 11:35:03', '2020-02-20 11:35:03'),
(1589, 18, '2020-03-06 00:00:00', 1, '', 1, 1, '2020-02-20 11:35:03', '2020-02-20 11:35:03'),
(1590, 18, '2020-03-15 00:00:00', 1, '', 1, 1, '2020-02-20 11:35:03', '2020-02-20 11:35:03'),
(1591, 18, '2020-03-16 00:00:00', 1, '', 1, 1, '2020-02-20 11:35:03', '2020-02-20 11:35:03'),
(1592, 18, '2020-03-17 00:00:00', 1, '', 1, 1, '2020-02-20 11:35:03', '2020-02-20 11:35:03'),
(1593, 18, '2020-03-18 00:00:00', 1, '', 1, 1, '2020-02-20 11:35:03', '2020-02-20 11:35:03'),
(1594, 18, '2020-03-19 00:00:00', 1, '', 1, 1, '2020-02-20 11:35:03', '2020-02-20 11:35:03'),
(1595, 18, '2020-03-20 00:00:00', 1, '', 1, 1, '2020-02-20 11:35:03', '2020-02-20 11:35:03'),
(1596, 18, '2020-04-07 00:00:00', 1, '', 1, 1, '2020-02-20 11:35:03', '2020-02-20 11:35:03'),
(1597, 18, '2020-04-08 00:00:00', 1, '', 1, 1, '2020-02-20 11:35:03', '2020-02-20 11:35:03'),
(1598, 18, '2020-04-09 00:00:00', 1, '', 1, 1, '2020-02-20 11:35:03', '2020-02-20 11:35:03'),
(1599, 18, '2020-04-10 00:00:00', 1, '', 1, 1, '2020-02-20 11:35:03', '2020-02-20 11:35:03'),
(1600, 18, '2021-01-02 00:00:00', 1, '', 1, 1, '2020-02-20 11:35:03', '2020-02-20 11:35:03'),
(1601, 18, '2021-01-03 00:00:00', 1, '', 1, 1, '2020-02-20 11:35:03', '2020-02-20 11:35:03'),
(1602, 18, '2021-01-04 00:00:00', 1, '', 1, 1, '2020-02-20 11:35:03', '2020-02-20 11:35:03'),
(1603, 18, '2021-01-05 00:00:00', 1, '', 1, 1, '2020-02-20 11:35:03', '2020-02-20 11:35:03'),
(1604, 18, '2021-01-06 00:00:00', 1, '', 1, 1, '2020-02-20 11:35:03', '2020-02-20 11:35:03'),
(1605, 18, '2021-01-07 00:00:00', 1, '', 1, 1, '2020-02-20 11:35:03', '2020-02-20 11:35:03'),
(1606, 18, '2021-01-08 00:00:00', 1, '', 1, 1, '2020-02-20 11:35:03', '2020-02-20 11:35:03'),
(1607, 18, '2021-01-09 00:00:00', 1, '', 1, 1, '2020-02-20 11:35:03', '2020-02-20 11:35:03'),
(1608, 18, '2021-01-10 00:00:00', 1, '', 1, 1, '2020-02-20 11:35:03', '2020-02-20 11:35:03'),
(1609, 18, '2021-01-11 00:00:00', 1, '', 1, 1, '2020-02-20 11:35:03', '2020-02-20 11:35:03'),
(1610, 18, '2021-01-12 00:00:00', 1, '', 1, 1, '2020-02-20 11:35:03', '2020-02-20 11:35:03'),
(1611, 18, '2021-01-13 00:00:00', 1, '', 1, 1, '2020-02-20 11:35:03', '2020-02-20 11:35:03'),
(1612, 18, '2021-01-14 00:00:00', 1, '', 1, 1, '2020-02-20 11:35:03', '2020-02-20 11:35:03'),
(1613, 18, '2021-01-15 00:00:00', 1, '', 1, 1, '2020-02-20 11:35:03', '2020-02-20 11:35:03'),
(1614, 18, '2021-01-16 00:00:00', 1, '', 1, 1, '2020-02-20 11:35:03', '2020-02-20 11:35:03'),
(1615, 18, '2021-01-17 00:00:00', 1, '', 1, 1, '2020-02-20 11:35:03', '2020-02-20 11:35:03'),
(1616, 18, '2021-01-18 00:00:00', 1, '', 1, 1, '2020-02-20 11:35:03', '2020-02-20 11:35:03'),
(1617, 18, '2021-01-19 00:00:00', 1, '', 1, 1, '2020-02-20 11:35:03', '2020-02-20 11:35:03'),
(1618, 18, '2021-01-20 00:00:00', 1, '', 1, 1, '2020-02-20 11:35:03', '2020-02-20 11:35:03'),
(1619, 18, '2021-01-21 00:00:00', 1, '', 1, 1, '2020-02-20 11:35:03', '2020-02-20 11:35:03'),
(1620, 18, '2021-01-22 00:00:00', 1, '', 1, 1, '2020-02-20 11:35:03', '2020-02-20 11:35:03'),
(1621, 18, '2021-01-23 00:00:00', 1, '', 1, 1, '2020-02-20 11:35:03', '2020-02-20 11:35:03'),
(1622, 18, '2021-01-24 00:00:00', 1, '', 1, 1, '2020-02-20 11:35:03', '2020-02-20 11:35:03'),
(1623, 18, '2021-01-25 00:00:00', 1, '', 1, 1, '2020-02-20 11:35:03', '2020-02-20 11:35:03'),
(1624, 18, '2021-01-26 00:00:00', 1, '', 1, 1, '2020-02-20 11:35:03', '2020-02-20 11:35:03'),
(1625, 18, '2021-01-27 00:00:00', 1, '', 1, 1, '2020-02-20 11:35:03', '2020-02-20 11:35:03'),
(1626, 18, '2021-01-28 00:00:00', 1, '', 1, 1, '2020-02-20 11:35:03', '2020-02-20 11:35:03'),
(1627, 18, '2021-01-29 00:00:00', 1, '', 1, 1, '2020-02-20 11:35:04', '2020-02-20 11:35:04'),
(1628, 18, '2021-01-30 00:00:00', 1, '', 1, 1, '2020-02-20 11:35:04', '2020-02-20 11:35:04'),
(1629, 18, '2021-01-31 00:00:00', 1, '', 1, 1, '2020-02-20 11:35:04', '2020-02-20 11:35:04'),
(1630, 18, '2021-02-01 00:00:00', 1, '', 1, 1, '2020-02-20 11:35:04', '2020-02-20 11:35:04'),
(1631, 18, '2021-02-02 00:00:00', 1, '', 1, 1, '2020-02-20 11:35:04', '2020-02-20 11:35:04'),
(1632, 18, '2021-02-03 00:00:00', 1, '', 1, 1, '2020-02-20 11:35:04', '2020-02-20 11:35:04'),
(1633, 18, '2021-02-04 00:00:00', 1, '', 1, 1, '2020-02-20 11:35:04', '2020-02-20 11:35:04'),
(1634, 18, '2021-02-05 00:00:00', 1, '', 1, 1, '2020-02-20 11:35:04', '2020-02-20 11:35:04'),
(1635, 18, '2021-02-06 00:00:00', 1, '', 1, 1, '2020-02-20 11:35:04', '2020-02-20 11:35:04'),
(1636, 18, '2021-02-07 00:00:00', 1, '', 1, 1, '2020-02-20 11:35:04', '2020-02-20 11:35:04'),
(1637, 18, '2021-02-08 00:00:00', 1, '', 1, 1, '2020-02-20 11:35:04', '2020-02-20 11:35:04'),
(1638, 18, '2021-02-09 00:00:00', 1, '', 1, 1, '2020-02-20 11:35:04', '2020-02-20 11:35:04'),
(1639, 18, '2021-02-10 00:00:00', 1, '', 1, 1, '2020-02-20 11:35:04', '2020-02-20 11:35:04'),
(1640, 18, '2021-02-11 00:00:00', 1, '', 1, 1, '2020-02-20 11:35:04', '2020-02-20 11:35:04'),
(1641, 18, '2021-02-12 00:00:00', 1, '', 1, 1, '2020-02-20 11:35:04', '2020-02-20 11:35:04'),
(1642, 18, '2021-02-13 00:00:00', 1, '', 1, 1, '2020-02-20 11:35:04', '2020-02-20 11:35:04'),
(1643, 18, '2021-02-14 00:00:00', 1, '', 1, 1, '2020-02-20 11:35:04', '2020-02-20 11:35:04'),
(1644, 18, '2021-02-15 00:00:00', 1, '', 1, 1, '2020-02-20 11:35:04', '2020-02-20 11:35:04'),
(1645, 18, '2021-02-16 00:00:00', 1, '', 1, 1, '2020-02-20 11:35:04', '2020-02-20 11:35:04'),
(1646, 18, '2021-02-17 00:00:00', 1, '', 1, 1, '2020-02-20 11:35:04', '2020-02-20 11:35:04'),
(1647, 18, '2021-02-18 00:00:00', 1, '', 1, 1, '2020-02-20 11:35:04', '2020-02-20 11:35:04'),
(1648, 18, '2021-02-19 00:00:00', 1, '', 1, 1, '2020-02-20 11:35:04', '2020-02-20 11:35:04'),
(1649, 18, '2021-02-20 00:00:00', 1, '', 1, 1, '2020-02-20 11:35:04', '2020-02-20 11:35:04'),
(1650, 18, '2021-02-21 00:00:00', 1, '', 1, 1, '2020-02-20 11:35:04', '2020-02-20 11:35:04'),
(1651, 18, '2021-02-22 00:00:00', 1, '', 1, 1, '2020-02-20 11:35:04', '2020-02-20 11:35:04'),
(1652, 18, '2021-02-23 00:00:00', 1, '', 1, 1, '2020-02-20 11:35:04', '2020-02-20 11:35:04'),
(1653, 18, '2021-02-24 00:00:00', 1, '', 1, 1, '2020-02-20 11:35:04', '2020-02-20 11:35:04'),
(1654, 18, '2021-02-25 00:00:00', 1, '', 1, 1, '2020-02-20 11:35:04', '2020-02-20 11:35:04'),
(1655, 18, '2021-02-26 00:00:00', 1, '', 1, 1, '2020-02-20 11:35:04', '2020-02-20 11:35:04'),
(1656, 18, '2021-02-27 00:00:00', 1, '', 1, 1, '2020-02-20 11:35:04', '2020-02-20 11:35:04'),
(1657, 18, '2021-02-28 00:00:00', 1, '', 1, 1, '2020-02-20 11:35:04', '2020-02-20 11:35:04'),
(1658, 18, '2021-03-01 00:00:00', 1, '', 1, 1, '2020-02-20 11:35:04', '2020-02-20 11:35:04'),
(1659, 18, '2021-03-02 00:00:00', 1, '', 1, 1, '2020-02-20 11:35:04', '2020-02-20 11:35:04'),
(1660, 18, '2021-03-03 00:00:00', 1, '', 1, 1, '2020-02-20 11:35:05', '2020-02-20 11:35:05'),
(1661, 18, '2021-03-04 00:00:00', 1, '', 1, 1, '2020-02-20 11:35:05', '2020-02-20 11:35:05'),
(1662, 18, '2021-03-05 00:00:00', 1, '', 1, 1, '2020-02-20 11:35:05', '2020-02-20 11:35:05'),
(1663, 18, '2021-03-06 00:00:00', 1, '', 1, 1, '2020-02-20 11:35:05', '2020-02-20 11:35:05'),
(1664, 18, '2021-03-07 00:00:00', 1, '', 1, 1, '2020-02-20 11:35:05', '2020-02-20 11:35:05'),
(1665, 18, '2021-03-08 00:00:00', 1, '', 1, 1, '2020-02-20 11:35:05', '2020-02-20 11:35:05'),
(1666, 18, '2021-03-09 00:00:00', 1, '', 1, 1, '2020-02-20 11:35:05', '2020-02-20 11:35:05'),
(1667, 18, '2021-03-10 00:00:00', 1, '', 1, 1, '2020-02-20 11:35:05', '2020-02-20 11:35:05'),
(1668, 18, '2021-03-11 00:00:00', 1, '', 1, 1, '2020-02-20 11:35:05', '2020-02-20 11:35:05'),
(1669, 18, '2021-03-12 00:00:00', 1, '', 1, 1, '2020-02-20 11:35:05', '2020-02-20 11:35:05'),
(1670, 18, '2021-03-13 00:00:00', 1, '', 1, 1, '2020-02-20 11:35:05', '2020-02-20 11:35:05'),
(1671, 18, '2021-03-14 00:00:00', 1, '', 1, 1, '2020-02-20 11:35:05', '2020-02-20 11:35:05'),
(1672, 18, '2021-03-15 00:00:00', 1, '', 1, 1, '2020-02-20 11:35:05', '2020-02-20 11:35:05'),
(1673, 18, '2021-03-16 00:00:00', 1, '', 1, 1, '2020-02-20 11:35:05', '2020-02-20 11:35:05'),
(1674, 18, '2021-03-17 00:00:00', 1, '', 1, 1, '2020-02-20 11:35:05', '2020-02-20 11:35:05'),
(1675, 18, '2021-03-18 00:00:00', 1, '', 1, 1, '2020-02-20 11:35:05', '2020-02-20 11:35:05'),
(1676, 18, '2021-03-19 00:00:00', 1, '', 1, 1, '2020-02-20 11:35:05', '2020-02-20 11:35:05'),
(1677, 18, '2021-03-20 00:00:00', 1, '', 1, 1, '2020-02-20 11:35:05', '2020-02-20 11:35:05'),
(1678, 18, '2021-03-21 00:00:00', 1, '', 1, 1, '2020-02-20 11:35:05', '2020-02-20 11:35:05'),
(1679, 18, '2021-03-22 00:00:00', 1, '', 1, 1, '2020-02-20 11:35:05', '2020-02-20 11:35:05'),
(1680, 18, '2021-03-23 00:00:00', 1, '', 1, 1, '2020-02-20 11:35:05', '2020-02-20 11:35:05'),
(1681, 18, '2021-03-24 00:00:00', 1, '', 1, 1, '2020-02-20 11:35:05', '2020-02-20 11:35:05'),
(1682, 18, '2021-03-25 00:00:00', 1, '', 1, 1, '2020-02-20 11:35:05', '2020-02-20 11:35:05'),
(1683, 18, '2021-03-26 00:00:00', 1, '', 1, 1, '2020-02-20 11:35:05', '2020-02-20 11:35:05'),
(1684, 18, '2021-03-27 00:00:00', 1, '', 1, 1, '2020-02-20 11:35:05', '2020-02-20 11:35:05'),
(1685, 18, '2021-03-28 00:00:00', 1, '', 1, 1, '2020-02-20 11:35:06', '2020-02-20 11:35:06'),
(1686, 18, '2021-03-29 00:00:00', 1, '', 1, 1, '2020-02-20 11:35:06', '2020-02-20 11:35:06'),
(1687, 18, '2021-03-30 00:00:00', 1, '', 1, 1, '2020-02-20 11:35:06', '2020-02-20 11:35:06'),
(1688, 18, '2021-03-31 00:00:00', 1, '', 1, 1, '2020-02-20 11:35:06', '2020-02-20 11:35:06'),
(1689, 18, '2021-04-01 00:00:00', 1, '', 1, 1, '2020-02-20 11:35:06', '2020-02-20 11:35:06'),
(1690, 18, '2021-04-02 00:00:00', 1, '', 1, 1, '2020-02-20 11:35:06', '2020-02-20 11:35:06'),
(1691, 18, '2021-04-03 00:00:00', 1, '', 1, 1, '2020-02-20 11:35:06', '2020-02-20 11:35:06'),
(1692, 18, '2021-04-04 00:00:00', 1, '', 1, 1, '2020-02-20 11:35:06', '2020-02-20 11:35:06'),
(1693, 18, '2021-04-05 00:00:00', 1, '', 1, 1, '2020-02-20 11:35:06', '2020-02-20 11:35:06'),
(1694, 18, '2021-04-06 00:00:00', 1, '', 1, 1, '2020-02-20 11:35:06', '2020-02-20 11:35:06'),
(1695, 18, '2021-04-07 00:00:00', 1, '', 1, 1, '2020-02-20 11:35:06', '2020-02-20 11:35:06'),
(1696, 18, '2021-04-08 00:00:00', 1, '', 1, 1, '2020-02-20 11:35:06', '2020-02-20 11:35:06'),
(1697, 18, '2021-04-09 00:00:00', 1, '', 1, 1, '2020-02-20 11:35:06', '2020-02-20 11:35:06'),
(1698, 18, '2021-04-10 00:00:00', 1, '', 1, 1, '2020-02-20 11:35:06', '2020-02-20 11:35:06'),
(1699, 18, '2021-04-11 00:00:00', 1, '', 1, 1, '2020-02-20 11:35:06', '2020-02-20 11:35:06'),
(1700, 18, '2021-04-12 00:00:00', 1, '', 1, 1, '2020-02-20 11:35:06', '2020-02-20 11:35:06'),
(1701, 18, '2021-04-13 00:00:00', 1, '', 1, 1, '2020-02-20 11:35:06', '2020-02-20 11:35:06'),
(1702, 18, '2021-04-14 00:00:00', 1, '', 1, 1, '2020-02-20 11:35:07', '2020-02-20 11:35:07'),
(1703, 18, '2021-04-15 00:00:00', 1, '', 1, 1, '2020-02-20 11:35:07', '2020-02-20 11:35:07'),
(1704, 18, '2021-04-16 00:00:00', 1, '', 1, 1, '2020-02-20 11:35:07', '2020-02-20 11:35:07'),
(1705, 18, '2021-04-17 00:00:00', 1, '', 1, 1, '2020-02-20 11:35:07', '2020-02-20 11:35:07'),
(1706, 18, '2021-04-18 00:00:00', 1, '', 1, 1, '2020-02-20 11:35:07', '2020-02-20 11:35:07'),
(1707, 18, '2021-04-19 00:00:00', 1, '', 1, 1, '2020-02-20 11:35:07', '2020-02-20 11:35:07'),
(1708, 18, '2021-04-20 00:00:00', 1, '', 1, 1, '2020-02-20 11:35:07', '2020-02-20 11:35:07'),
(1709, 18, '2021-04-21 00:00:00', 1, '', 1, 1, '2020-02-20 11:35:07', '2020-02-20 11:35:07'),
(1710, 18, '2021-04-22 00:00:00', 1, '', 1, 1, '2020-02-20 11:35:07', '2020-02-20 11:35:07'),
(1711, 18, '2021-04-23 00:00:00', 1, '', 1, 1, '2020-02-20 11:35:07', '2020-02-20 11:35:07'),
(1712, 18, '2021-04-24 00:00:00', 1, '', 1, 1, '2020-02-20 11:35:07', '2020-02-20 11:35:07'),
(1713, 18, '2021-04-25 00:00:00', 1, '', 1, 1, '2020-02-20 11:35:07', '2020-02-20 11:35:07'),
(1714, 18, '2021-04-26 00:00:00', 1, '', 1, 1, '2020-02-20 11:35:07', '2020-02-20 11:35:07'),
(1715, 18, '2021-04-27 00:00:00', 1, '', 1, 1, '2020-02-20 11:35:07', '2020-02-20 11:35:07'),
(1716, 18, '2021-04-28 00:00:00', 1, '', 1, 1, '2020-02-20 11:35:07', '2020-02-20 11:35:07'),
(1717, 18, '2021-04-29 00:00:00', 1, '', 1, 1, '2020-02-20 11:35:07', '2020-02-20 11:35:07'),
(1718, 18, '2021-04-30 00:00:00', 1, '', 1, 1, '2020-02-20 11:35:08', '2020-02-20 11:35:08'),
(1719, 18, '2021-05-01 00:00:00', 1, '', 1, 1, '2020-02-20 11:35:08', '2020-02-20 11:35:08'),
(1720, 18, '2021-05-02 00:00:00', 1, '', 1, 1, '2020-02-20 11:35:08', '2020-02-20 11:35:08'),
(1721, 18, '2021-05-03 00:00:00', 1, '', 1, 1, '2020-02-20 11:35:08', '2020-02-20 11:35:08'),
(1722, 18, '2021-05-04 00:00:00', 1, '', 1, 1, '2020-02-20 11:35:08', '2020-02-20 11:35:08'),
(1723, 18, '2021-05-05 00:00:00', 1, '', 1, 1, '2020-02-20 11:35:08', '2020-02-20 11:35:08'),
(1724, 18, '2021-05-06 00:00:00', 1, '', 1, 1, '2020-02-20 11:35:08', '2020-02-20 11:35:08'),
(1725, 18, '2021-05-07 00:00:00', 1, '', 1, 1, '2020-02-20 11:35:08', '2020-02-20 11:35:08'),
(1726, 18, '2021-05-08 00:00:00', 1, '', 1, 1, '2020-02-20 11:35:08', '2020-02-20 11:35:08'),
(1727, 18, '2021-05-09 00:00:00', 1, '', 1, 1, '2020-02-20 11:35:08', '2020-02-20 11:35:08'),
(1728, 18, '2021-05-10 00:00:00', 1, '', 1, 1, '2020-02-20 11:35:08', '2020-02-20 11:35:08'),
(1729, 18, '2021-05-11 00:00:00', 1, '', 1, 1, '2020-02-20 11:35:08', '2020-02-20 11:35:08'),
(1730, 18, '2021-05-12 00:00:00', 1, '', 1, 1, '2020-02-20 11:35:08', '2020-02-20 11:35:08'),
(1731, 18, '2021-05-13 00:00:00', 1, '', 1, 1, '2020-02-20 11:35:08', '2020-02-20 11:35:08'),
(1732, 18, '2021-05-14 00:00:00', 1, '', 1, 1, '2020-02-20 11:35:09', '2020-02-20 11:35:09'),
(1733, 18, '2021-05-15 00:00:00', 1, '', 1, 1, '2020-02-20 11:35:09', '2020-02-20 11:35:09'),
(1734, 19, '2020-02-21 00:00:00', 1, '', 1, 1, '2020-02-21 04:14:10', '2020-02-21 04:14:10'),
(1735, 19, '2020-02-22 00:00:00', 1, '', 1, 1, '2020-02-21 04:14:10', '2020-02-21 04:14:10'),
(1736, 19, '2020-02-23 00:00:00', 1, '', 1, 1, '2020-02-21 04:14:10', '2020-02-21 04:14:10'),
(1737, 19, '2020-02-25 00:00:00', 1, '', 1, 1, '2020-02-21 04:14:10', '2020-02-21 04:14:10'),
(1738, 19, '2020-02-26 00:00:00', 1, '', 1, 1, '2020-02-21 04:14:10', '2020-02-21 04:14:10'),
(1739, 19, '2020-02-27 00:00:00', 1, '', 1, 1, '2020-02-21 04:14:10', '2020-02-21 04:14:10'),
(1740, 19, '2020-03-06 00:00:00', 1, '', 1, 1, '2020-02-21 04:14:10', '2020-02-21 04:14:10'),
(1741, 19, '2020-03-07 00:00:00', 1, '', 1, 1, '2020-02-21 04:14:10', '2020-02-21 04:14:10'),
(1742, 19, '2020-03-08 00:00:00', 1, '', 1, 1, '2020-02-21 04:14:10', '2020-02-21 04:14:10'),
(1743, 19, '2020-03-09 00:00:00', 1, '', 1, 1, '2020-02-21 04:14:10', '2020-02-21 04:14:10'),
(1744, 19, '2020-03-15 00:00:00', 1, '', 1, 1, '2020-02-21 04:14:10', '2020-02-21 04:14:10'),
(1745, 19, '2020-03-16 00:00:00', 1, '', 1, 1, '2020-02-21 04:14:10', '2020-02-21 04:14:10'),
(1746, 19, '2020-03-17 00:00:00', 1, '', 1, 1, '2020-02-21 04:14:10', '2020-02-21 04:14:10'),
(1747, 19, '2020-03-18 00:00:00', 1, '', 1, 1, '2020-02-21 04:14:10', '2020-02-21 04:14:10'),
(1748, 19, '2020-03-19 00:00:00', 1, '', 1, 1, '2020-02-21 04:14:10', '2020-02-21 04:14:10'),
(1749, 19, '2020-03-20 00:00:00', 1, '', 1, 1, '2020-02-21 04:14:10', '2020-02-21 04:14:10'),
(1750, 19, '2020-03-27 00:00:00', 1, '', 1, 1, '2020-02-21 04:14:10', '2020-02-21 04:14:10'),
(1751, 19, '2020-03-28 00:00:00', 1, '', 1, 1, '2020-02-21 04:14:10', '2020-02-21 04:14:10'),
(1752, 19, '2020-03-29 00:00:00', 1, '', 1, 1, '2020-02-21 04:14:10', '2020-02-21 04:14:10'),
(1753, 19, '2020-04-06 00:00:00', 1, '', 1, 1, '2020-02-21 04:14:10', '2020-02-21 04:14:10'),
(1754, 19, '2020-04-07 00:00:00', 1, '', 1, 1, '2020-02-21 04:14:10', '2020-02-21 04:14:10'),
(1755, 19, '2020-04-08 00:00:00', 1, '', 1, 1, '2020-02-21 04:14:10', '2020-02-21 04:14:10'),
(1756, 19, '2020-04-09 00:00:00', 1, '', 1, 1, '2020-02-21 04:14:10', '2020-02-21 04:14:10'),
(1757, 19, '2020-04-10 00:00:00', 1, '', 1, 1, '2020-02-21 04:14:10', '2020-02-21 04:14:10'),
(1758, 19, '2020-04-11 00:00:00', 1, '', 1, 1, '2020-02-21 04:14:10', '2020-02-21 04:14:10'),
(1759, 19, '2020-04-12 00:00:00', 1, '', 1, 1, '2020-02-21 04:14:10', '2020-02-21 04:14:10'),
(1760, 19, '2020-04-13 00:00:00', 1, '', 1, 1, '2020-02-21 04:14:10', '2020-02-21 04:14:10'),
(1761, 19, '2020-04-14 00:00:00', 1, '', 1, 1, '2020-02-21 04:14:10', '2020-02-21 04:14:10'),
(1762, 19, '2020-04-15 00:00:00', 1, '', 1, 1, '2020-02-21 04:14:10', '2020-02-21 04:14:10'),
(1763, 19, '2020-04-16 00:00:00', 1, '', 1, 1, '2020-02-21 04:14:10', '2020-02-21 04:14:10'),
(1764, 19, '2020-04-30 00:00:00', 1, '', 1, 1, '2020-02-21 04:14:10', '2020-02-21 04:14:10'),
(1765, 19, '2020-05-01 00:00:00', 1, '', 1, 1, '2020-02-21 04:14:10', '2020-02-21 04:14:10'),
(1766, 19, '2020-05-02 00:00:00', 1, '', 1, 1, '2020-02-21 04:14:10', '2020-02-21 04:14:10'),
(1767, 19, '2020-05-03 00:00:00', 1, '', 1, 1, '2020-02-21 04:14:10', '2020-02-21 04:14:10'),
(1768, 19, '2020-05-22 00:00:00', 1, '', 1, 1, '2020-02-21 04:14:10', '2020-02-21 04:14:10'),
(1769, 19, '2020-05-23 00:00:00', 1, '', 1, 1, '2020-02-21 04:14:10', '2020-02-21 04:14:10'),
(1770, 19, '2020-05-24 00:00:00', 1, '', 1, 1, '2020-02-21 04:14:10', '2020-02-21 04:14:10'),
(1771, 19, '2020-11-06 00:00:00', 1, '', 1, 1, '2020-02-21 04:14:10', '2020-02-21 04:14:10'),
(1772, 19, '2020-11-07 00:00:00', 1, '', 1, 1, '2020-02-21 04:14:10', '2020-02-21 04:14:10'),
(1773, 19, '2020-11-08 00:00:00', 1, '', 1, 1, '2020-02-21 04:14:10', '2020-02-21 04:14:10'),
(1774, 19, '2020-11-09 00:00:00', 1, '', 1, 1, '2020-02-21 04:14:10', '2020-02-21 04:14:10'),
(1775, 19, '2020-11-10 00:00:00', 1, '', 1, 1, '2020-02-21 04:14:10', '2020-02-21 04:14:10'),
(1776, 19, '2020-11-11 00:00:00', 1, '', 1, 1, '2020-02-21 04:14:10', '2020-02-21 04:14:10'),
(1777, 19, '2020-11-12 00:00:00', 1, '', 1, 1, '2020-02-21 04:14:10', '2020-02-21 04:14:10'),
(1778, 19, '2020-11-13 00:00:00', 1, '', 1, 1, '2020-02-21 04:14:10', '2020-02-21 04:14:10'),
(1779, 19, '2020-11-14 00:00:00', 1, '', 1, 1, '2020-02-21 04:14:10', '2020-02-21 04:14:10'),
(1780, 19, '2020-11-15 00:00:00', 1, '', 1, 1, '2020-02-21 04:14:10', '2020-02-21 04:14:10'),
(1781, 19, '2020-11-16 00:00:00', 1, '', 1, 1, '2020-02-21 04:14:11', '2020-02-21 04:14:11'),
(1782, 19, '2020-11-17 00:00:00', 1, '', 1, 1, '2020-02-21 04:14:11', '2020-02-21 04:14:11'),
(1783, 19, '2020-11-18 00:00:00', 1, '', 1, 1, '2020-02-21 04:14:11', '2020-02-21 04:14:11'),
(1784, 19, '2020-11-19 00:00:00', 1, '', 1, 1, '2020-02-21 04:14:11', '2020-02-21 04:14:11'),
(1785, 19, '2020-11-20 00:00:00', 1, '', 1, 1, '2020-02-21 04:14:11', '2020-02-21 04:14:11'),
(1786, 19, '2020-11-21 00:00:00', 1, '', 1, 1, '2020-02-21 04:14:11', '2020-02-21 04:14:11'),
(1787, 19, '2020-11-22 00:00:00', 1, '', 1, 1, '2020-02-21 04:14:11', '2020-02-21 04:14:11'),
(1788, 19, '2020-11-23 00:00:00', 1, '', 1, 1, '2020-02-21 04:14:11', '2020-02-21 04:14:11'),
(1789, 19, '2020-11-24 00:00:00', 1, '', 1, 1, '2020-02-21 04:14:11', '2020-02-21 04:14:11'),
(1790, 19, '2020-11-25 00:00:00', 1, '', 1, 1, '2020-02-21 04:14:11', '2020-02-21 04:14:11'),
(1791, 19, '2020-11-26 00:00:00', 1, '', 1, 1, '2020-02-21 04:14:11', '2020-02-21 04:14:11'),
(1792, 19, '2020-11-27 00:00:00', 1, '', 1, 1, '2020-02-21 04:14:11', '2020-02-21 04:14:11'),
(1793, 19, '2020-11-28 00:00:00', 1, '', 1, 1, '2020-02-21 04:14:11', '2020-02-21 04:14:11'),
(1794, 19, '2020-11-29 00:00:00', 1, '', 1, 1, '2020-02-21 04:14:11', '2020-02-21 04:14:11'),
(1795, 19, '2020-11-30 00:00:00', 1, '', 1, 1, '2020-02-21 04:14:11', '2020-02-21 04:14:11'),
(1796, 19, '2020-12-01 00:00:00', 1, '', 1, 1, '2020-02-21 04:14:11', '2020-02-21 04:14:11'),
(1797, 19, '2020-12-02 00:00:00', 1, '', 1, 1, '2020-02-21 04:14:11', '2020-02-21 04:14:11'),
(1798, 19, '2020-12-03 00:00:00', 1, '', 1, 1, '2020-02-21 04:14:11', '2020-02-21 04:14:11'),
(1799, 19, '2020-12-04 00:00:00', 1, '', 1, 1, '2020-02-21 04:14:11', '2020-02-21 04:14:11'),
(1800, 19, '2020-12-05 00:00:00', 1, '', 1, 1, '2020-02-21 04:14:11', '2020-02-21 04:14:11'),
(1801, 19, '2020-12-06 00:00:00', 1, '', 1, 1, '2020-02-21 04:14:11', '2020-02-21 04:14:11'),
(1802, 19, '2020-12-07 00:00:00', 1, '', 1, 1, '2020-02-21 04:14:11', '2020-02-21 04:14:11'),
(1803, 19, '2020-12-08 00:00:00', 1, '', 1, 1, '2020-02-21 04:14:11', '2020-02-21 04:14:11'),
(1804, 19, '2020-12-09 00:00:00', 1, '', 1, 1, '2020-02-21 04:14:11', '2020-02-21 04:14:11'),
(1805, 19, '2020-12-10 00:00:00', 1, '', 1, 1, '2020-02-21 04:14:11', '2020-02-21 04:14:11'),
(1806, 19, '2020-12-11 00:00:00', 1, '', 1, 1, '2020-02-21 04:14:11', '2020-02-21 04:14:11'),
(1807, 19, '2020-12-12 00:00:00', 1, '', 1, 1, '2020-02-21 04:14:11', '2020-02-21 04:14:11'),
(1808, 19, '2020-12-13 00:00:00', 1, '', 1, 1, '2020-02-21 04:14:11', '2020-02-21 04:14:11'),
(1809, 19, '2020-12-14 00:00:00', 1, '', 1, 1, '2020-02-21 04:14:11', '2020-02-21 04:14:11'),
(1810, 19, '2020-12-15 00:00:00', 1, '', 1, 1, '2020-02-21 04:14:11', '2020-02-21 04:14:11'),
(1811, 19, '2020-12-16 00:00:00', 1, '', 1, 1, '2020-02-21 04:14:11', '2020-02-21 04:14:11'),
(1812, 19, '2020-12-17 00:00:00', 1, '', 1, 1, '2020-02-21 04:14:11', '2020-02-21 04:14:11'),
(1813, 19, '2020-12-18 00:00:00', 1, '', 1, 1, '2020-02-21 04:14:12', '2020-02-21 04:14:12'),
(1814, 19, '2020-12-19 00:00:00', 1, '', 1, 1, '2020-02-21 04:14:12', '2020-02-21 04:14:12'),
(1815, 19, '2020-12-20 00:00:00', 1, '', 1, 1, '2020-02-21 04:14:12', '2020-02-21 04:14:12'),
(1816, 19, '2020-12-21 00:00:00', 1, '', 1, 1, '2020-02-21 04:14:12', '2020-02-21 04:14:12'),
(1817, 19, '2020-12-22 00:00:00', 1, '', 1, 1, '2020-02-21 04:14:12', '2020-02-21 04:14:12'),
(1818, 19, '2020-12-23 00:00:00', 1, '', 1, 1, '2020-02-21 04:14:12', '2020-02-21 04:14:12'),
(1819, 19, '2020-12-24 00:00:00', 1, '', 1, 1, '2020-02-21 04:14:12', '2020-02-21 04:14:12'),
(1820, 19, '2020-12-25 00:00:00', 1, '', 1, 1, '2020-02-21 04:14:12', '2020-02-21 04:14:12'),
(1821, 19, '2020-12-26 00:00:00', 1, '', 1, 1, '2020-02-21 04:14:12', '2020-02-21 04:14:12'),
(1822, 19, '2020-12-27 00:00:00', 1, '', 1, 1, '2020-02-21 04:14:12', '2020-02-21 04:14:12'),
(1823, 19, '2020-12-28 00:00:00', 1, '', 1, 1, '2020-02-21 04:14:12', '2020-02-21 04:14:12'),
(1824, 19, '2020-12-29 00:00:00', 1, '', 1, 1, '2020-02-21 04:14:12', '2020-02-21 04:14:12'),
(1825, 19, '2020-12-30 00:00:00', 1, '', 1, 1, '2020-02-21 04:14:12', '2020-02-21 04:14:12'),
(1826, 19, '2020-12-31 00:00:00', 1, '', 1, 1, '2020-02-21 04:14:12', '2020-02-21 04:14:12'),
(1827, 19, '2021-01-01 00:00:00', 1, '', 1, 1, '2020-02-21 04:14:12', '2020-02-21 04:14:12'),
(1828, 19, '2021-01-02 00:00:00', 1, '', 1, 1, '2020-02-21 04:14:12', '2020-02-21 04:14:12'),
(1829, 19, '2021-01-03 00:00:00', 1, '', 1, 1, '2020-02-21 04:14:12', '2020-02-21 04:14:12'),
(1830, 19, '2021-01-04 00:00:00', 1, '', 1, 1, '2020-02-21 04:14:12', '2020-02-21 04:14:12'),
(1831, 19, '2021-01-05 00:00:00', 1, '', 1, 1, '2020-02-21 04:14:12', '2020-02-21 04:14:12'),
(1832, 19, '2021-01-06 00:00:00', 1, '', 1, 1, '2020-02-21 04:14:12', '2020-02-21 04:14:12'),
(1833, 19, '2021-01-07 00:00:00', 1, '', 1, 1, '2020-02-21 04:14:13', '2020-02-21 04:14:13'),
(1834, 19, '2021-01-08 00:00:00', 1, '', 1, 1, '2020-02-21 04:14:13', '2020-02-21 04:14:13'),
(1835, 19, '2021-01-09 00:00:00', 1, '', 1, 1, '2020-02-21 04:14:13', '2020-02-21 04:14:13'),
(1836, 19, '2021-01-10 00:00:00', 1, '', 1, 1, '2020-02-21 04:14:13', '2020-02-21 04:14:13'),
(1837, 19, '2021-01-11 00:00:00', 1, '', 1, 1, '2020-02-21 04:14:13', '2020-02-21 04:14:13'),
(1838, 19, '2021-01-12 00:00:00', 1, '', 1, 1, '2020-02-21 04:14:13', '2020-02-21 04:14:13'),
(1839, 19, '2021-01-13 00:00:00', 1, '', 1, 1, '2020-02-21 04:14:13', '2020-02-21 04:14:13'),
(1840, 19, '2021-01-14 00:00:00', 1, '', 1, 1, '2020-02-21 04:14:13', '2020-02-21 04:14:13'),
(1841, 19, '2021-01-15 00:00:00', 1, '', 1, 1, '2020-02-21 04:14:13', '2020-02-21 04:14:13'),
(1842, 19, '2021-01-16 00:00:00', 1, '', 1, 1, '2020-02-21 04:14:13', '2020-02-21 04:14:13'),
(1843, 19, '2021-01-17 00:00:00', 1, '', 1, 1, '2020-02-21 04:14:13', '2020-02-21 04:14:13'),
(1844, 19, '2021-01-18 00:00:00', 1, '', 1, 1, '2020-02-21 04:14:13', '2020-02-21 04:14:13'),
(1845, 19, '2021-01-19 00:00:00', 1, '', 1, 1, '2020-02-21 04:14:13', '2020-02-21 04:14:13'),
(1846, 19, '2021-01-20 00:00:00', 1, '', 1, 1, '2020-02-21 04:14:13', '2020-02-21 04:14:13'),
(1847, 19, '2021-01-21 00:00:00', 1, '', 1, 1, '2020-02-21 04:14:13', '2020-02-21 04:14:13'),
(1848, 19, '2021-01-22 00:00:00', 1, '', 1, 1, '2020-02-21 04:14:13', '2020-02-21 04:14:13'),
(1849, 19, '2021-01-23 00:00:00', 1, '', 1, 1, '2020-02-21 04:14:13', '2020-02-21 04:14:13'),
(1850, 19, '2021-01-24 00:00:00', 1, '', 1, 1, '2020-02-21 04:14:14', '2020-02-21 04:14:14'),
(1851, 19, '2021-01-25 00:00:00', 1, '', 1, 1, '2020-02-21 04:14:14', '2020-02-21 04:14:14'),
(1852, 19, '2021-01-26 00:00:00', 1, '', 1, 1, '2020-02-21 04:14:14', '2020-02-21 04:14:14'),
(1853, 19, '2021-01-27 00:00:00', 1, '', 1, 1, '2020-02-21 04:14:14', '2020-02-21 04:14:14'),
(1854, 19, '2021-01-28 00:00:00', 1, '', 1, 1, '2020-02-21 04:14:14', '2020-02-21 04:14:14'),
(1855, 19, '2021-01-29 00:00:00', 1, '', 1, 1, '2020-02-21 04:14:14', '2020-02-21 04:14:14'),
(1856, 19, '2021-01-30 00:00:00', 1, '', 1, 1, '2020-02-21 04:14:14', '2020-02-21 04:14:14'),
(1857, 19, '2021-01-31 00:00:00', 1, '', 1, 1, '2020-02-21 04:14:14', '2020-02-21 04:14:14'),
(1858, 19, '2021-02-01 00:00:00', 1, '', 1, 1, '2020-02-21 04:14:14', '2020-02-21 04:14:14'),
(1859, 19, '2021-02-02 00:00:00', 1, '', 1, 1, '2020-02-21 04:14:14', '2020-02-21 04:14:14'),
(1860, 19, '2021-02-03 00:00:00', 1, '', 1, 1, '2020-02-21 04:14:14', '2020-02-21 04:14:14'),
(1861, 19, '2021-02-04 00:00:00', 1, '', 1, 1, '2020-02-21 04:14:14', '2020-02-21 04:14:14'),
(1862, 19, '2021-02-05 00:00:00', 1, '', 1, 1, '2020-02-21 04:14:14', '2020-02-21 04:14:14'),
(1863, 19, '2021-02-06 00:00:00', 1, '', 1, 1, '2020-02-21 04:14:14', '2020-02-21 04:14:14'),
(1864, 19, '2021-02-07 00:00:00', 1, '', 1, 1, '2020-02-21 04:14:14', '2020-02-21 04:14:14'),
(1865, 19, '2021-02-08 00:00:00', 1, '', 1, 1, '2020-02-21 04:14:15', '2020-02-21 04:14:15'),
(1866, 19, '2021-02-09 00:00:00', 1, '', 1, 1, '2020-02-21 04:14:15', '2020-02-21 04:14:15'),
(1867, 19, '2021-02-10 00:00:00', 1, '', 1, 1, '2020-02-21 04:14:15', '2020-02-21 04:14:15'),
(1868, 19, '2021-02-11 00:00:00', 1, '', 1, 1, '2020-02-21 04:14:15', '2020-02-21 04:14:15'),
(1869, 19, '2021-02-12 00:00:00', 1, '', 1, 1, '2020-02-21 04:14:15', '2020-02-21 04:14:15'),
(1870, 19, '2021-02-13 00:00:00', 1, '', 1, 1, '2020-02-21 04:14:15', '2020-02-21 04:14:15'),
(1871, 19, '2021-02-14 00:00:00', 1, '', 1, 1, '2020-02-21 04:14:15', '2020-02-21 04:14:15'),
(1872, 19, '2021-02-15 00:00:00', 1, '', 1, 1, '2020-02-21 04:14:15', '2020-02-21 04:14:15'),
(1873, 19, '2021-02-16 00:00:00', 1, '', 1, 1, '2020-02-21 04:14:15', '2020-02-21 04:14:15'),
(1874, 19, '2021-02-17 00:00:00', 1, '', 1, 1, '2020-02-21 04:14:15', '2020-02-21 04:14:15'),
(1875, 19, '2021-02-18 00:00:00', 1, '', 1, 1, '2020-02-21 04:14:15', '2020-02-21 04:14:15'),
(1876, 19, '2021-02-19 00:00:00', 1, '', 1, 1, '2020-02-21 04:14:15', '2020-02-21 04:14:15'),
(1877, 19, '2021-02-20 00:00:00', 1, '', 1, 1, '2020-02-21 04:14:15', '2020-02-21 04:14:15'),
(1878, 19, '2021-02-21 00:00:00', 1, '', 1, 1, '2020-02-21 04:14:15', '2020-02-21 04:14:15'),
(1879, 19, '2021-02-22 00:00:00', 1, '', 1, 1, '2020-02-21 04:14:16', '2020-02-21 04:14:16'),
(1880, 19, '2021-02-23 00:00:00', 1, '', 1, 1, '2020-02-21 04:14:16', '2020-02-21 04:14:16'),
(1881, 19, '2021-02-24 00:00:00', 1, '', 1, 1, '2020-02-21 04:14:16', '2020-02-21 04:14:16'),
(1882, 19, '2021-02-25 00:00:00', 1, '', 1, 1, '2020-02-21 04:14:16', '2020-02-21 04:14:16'),
(1883, 19, '2021-02-26 00:00:00', 1, '', 1, 1, '2020-02-21 04:14:16', '2020-02-21 04:14:16'),
(1884, 19, '2021-02-27 00:00:00', 1, '', 1, 1, '2020-02-21 04:14:16', '2020-02-21 04:14:16'),
(1885, 19, '2021-02-28 00:00:00', 1, '', 1, 1, '2020-02-21 04:14:16', '2020-02-21 04:14:16'),
(1886, 19, '2021-03-01 00:00:00', 1, '', 1, 1, '2020-02-21 04:14:16', '2020-02-21 04:14:16'),
(1887, 19, '2021-03-02 00:00:00', 1, '', 1, 1, '2020-02-21 04:14:16', '2020-02-21 04:14:16'),
(1888, 19, '2021-03-03 00:00:00', 1, '', 1, 1, '2020-02-21 04:14:16', '2020-02-21 04:14:16'),
(1889, 19, '2021-03-04 00:00:00', 1, '', 1, 1, '2020-02-21 04:14:16', '2020-02-21 04:14:16'),
(1890, 19, '2021-03-05 00:00:00', 1, '', 1, 1, '2020-02-21 04:14:16', '2020-02-21 04:14:16'),
(1891, 19, '2021-03-06 00:00:00', 1, '', 1, 1, '2020-02-21 04:14:17', '2020-02-21 04:14:17'),
(1892, 19, '2021-03-07 00:00:00', 1, '', 1, 1, '2020-02-21 04:14:17', '2020-02-21 04:14:17'),
(1893, 19, '2021-03-08 00:00:00', 1, '', 1, 1, '2020-02-21 04:14:17', '2020-02-21 04:14:17'),
(1894, 19, '2021-03-09 00:00:00', 1, '', 1, 1, '2020-02-21 04:14:17', '2020-02-21 04:14:17'),
(1895, 19, '2021-03-10 00:00:00', 1, '', 1, 1, '2020-02-21 04:14:17', '2020-02-21 04:14:17'),
(1896, 19, '2021-03-11 00:00:00', 1, '', 1, 1, '2020-02-21 04:14:17', '2020-02-21 04:14:17'),
(1897, 19, '2021-03-12 00:00:00', 1, '', 1, 1, '2020-02-21 04:14:17', '2020-02-21 04:14:17'),
(1898, 19, '2021-03-13 00:00:00', 1, '', 1, 1, '2020-02-21 04:14:17', '2020-02-21 04:14:17'),
(1899, 19, '2021-03-14 00:00:00', 1, '', 1, 1, '2020-02-21 04:14:17', '2020-02-21 04:14:17'),
(1900, 19, '2021-03-15 00:00:00', 1, '', 1, 1, '2020-02-21 04:14:17', '2020-02-21 04:14:17'),
(1901, 19, '2021-03-16 00:00:00', 1, '', 1, 1, '2020-02-21 04:14:18', '2020-02-21 04:14:18'),
(1902, 19, '2021-03-17 00:00:00', 1, '', 1, 1, '2020-02-21 04:14:18', '2020-02-21 04:14:18'),
(1903, 19, '2021-03-18 00:00:00', 1, '', 1, 1, '2020-02-21 04:14:18', '2020-02-21 04:14:18'),
(1904, 19, '2021-03-19 00:00:00', 1, '', 1, 1, '2020-02-21 04:14:18', '2020-02-21 04:14:18'),
(1905, 19, '2021-03-20 00:00:00', 1, '', 1, 1, '2020-02-21 04:14:18', '2020-02-21 04:14:18'),
(1906, 19, '2021-03-21 00:00:00', 1, '', 1, 1, '2020-02-21 04:14:18', '2020-02-21 04:14:18'),
(1907, 19, '2021-03-22 00:00:00', 1, '', 1, 1, '2020-02-21 04:14:18', '2020-02-21 04:14:18'),
(1908, 19, '2021-03-23 00:00:00', 1, '', 1, 1, '2020-02-21 04:14:18', '2020-02-21 04:14:18'),
(1909, 19, '2021-03-24 00:00:00', 1, '', 1, 1, '2020-02-21 04:14:18', '2020-02-21 04:14:18'),
(1910, 19, '2021-03-25 00:00:00', 1, '', 1, 1, '2020-02-21 04:14:18', '2020-02-21 04:14:18'),
(1911, 19, '2021-03-26 00:00:00', 1, '', 1, 1, '2020-02-21 04:14:18', '2020-02-21 04:14:18'),
(1912, 19, '2021-03-27 00:00:00', 1, '', 1, 1, '2020-02-21 04:14:19', '2020-02-21 04:14:19'),
(1913, 19, '2021-03-28 00:00:00', 1, '', 1, 1, '2020-02-21 04:14:19', '2020-02-21 04:14:19'),
(1914, 19, '2021-03-29 00:00:00', 1, '', 1, 1, '2020-02-21 04:14:19', '2020-02-21 04:14:19'),
(1915, 19, '2021-03-30 00:00:00', 1, '', 1, 1, '2020-02-21 04:14:19', '2020-02-21 04:14:19'),
(1916, 19, '2021-03-31 00:00:00', 1, '', 1, 1, '2020-02-21 04:14:19', '2020-02-21 04:14:19'),
(1917, 19, '2021-04-01 00:00:00', 1, '', 1, 1, '2020-02-21 04:14:19', '2020-02-21 04:14:19'),
(1918, 19, '2021-04-02 00:00:00', 1, '', 1, 1, '2020-02-21 04:14:19', '2020-02-21 04:14:19'),
(1919, 19, '2021-04-03 00:00:00', 1, '', 1, 1, '2020-02-21 04:14:19', '2020-02-21 04:14:19'),
(1920, 19, '2021-04-04 00:00:00', 1, '', 1, 1, '2020-02-21 04:14:19', '2020-02-21 04:14:19'),
(1921, 19, '2021-04-05 00:00:00', 1, '', 1, 1, '2020-02-21 04:14:19', '2020-02-21 04:14:19'),
(1922, 19, '2021-04-06 00:00:00', 1, '', 1, 1, '2020-02-21 04:14:20', '2020-02-21 04:14:20'),
(1923, 19, '2021-04-07 00:00:00', 1, '', 1, 1, '2020-02-21 04:14:20', '2020-02-21 04:14:20'),
(1924, 19, '2021-04-08 00:00:00', 1, '', 1, 1, '2020-02-21 04:14:20', '2020-02-21 04:14:20'),
(1925, 19, '2021-04-09 00:00:00', 1, '', 1, 1, '2020-02-21 04:14:20', '2020-02-21 04:14:20'),
(1926, 19, '2021-04-10 00:00:00', 1, '', 1, 1, '2020-02-21 04:14:20', '2020-02-21 04:14:20'),
(1927, 19, '2021-04-11 00:00:00', 1, '', 1, 1, '2020-02-21 04:14:20', '2020-02-21 04:14:20'),
(1928, 19, '2021-04-12 00:00:00', 1, '', 1, 1, '2020-02-21 04:14:20', '2020-02-21 04:14:20'),
(1929, 19, '2021-04-13 00:00:00', 1, '', 1, 1, '2020-02-21 04:14:20', '2020-02-21 04:14:20'),
(1930, 19, '2021-04-14 00:00:00', 1, '', 1, 1, '2020-02-21 04:14:21', '2020-02-21 04:14:21'),
(1931, 19, '2021-04-15 00:00:00', 1, '', 1, 1, '2020-02-21 04:14:21', '2020-02-21 04:14:21'),
(1932, 19, '2021-04-16 00:00:00', 1, '', 1, 1, '2020-02-21 04:14:21', '2020-02-21 04:14:21'),
(1933, 19, '2021-04-17 00:00:00', 1, '', 1, 1, '2020-02-21 04:14:21', '2020-02-21 04:14:21'),
(1934, 19, '2021-04-18 00:00:00', 1, '', 1, 1, '2020-02-21 04:14:21', '2020-02-21 04:14:21'),
(1935, 19, '2021-04-19 00:00:00', 1, '', 1, 1, '2020-02-21 04:14:21', '2020-02-21 04:14:21'),
(1936, 19, '2021-04-20 00:00:00', 1, '', 1, 1, '2020-02-21 04:14:21', '2020-02-21 04:14:21'),
(1937, 19, '2021-04-21 00:00:00', 1, '', 1, 1, '2020-02-21 04:14:21', '2020-02-21 04:14:21'),
(1938, 19, '2021-04-22 00:00:00', 1, '', 1, 1, '2020-02-21 04:14:22', '2020-02-21 04:14:22'),
(1939, 19, '2021-04-23 00:00:00', 1, '', 1, 1, '2020-02-21 04:14:22', '2020-02-21 04:14:22'),
(1940, 19, '2021-04-24 00:00:00', 1, '', 1, 1, '2020-02-21 04:14:22', '2020-02-21 04:14:22'),
(1941, 19, '2021-04-25 00:00:00', 1, '', 1, 1, '2020-02-21 04:14:22', '2020-02-21 04:14:22'),
(1942, 19, '2021-04-26 00:00:00', 1, '', 1, 1, '2020-02-21 04:14:22', '2020-02-21 04:14:22'),
(1943, 19, '2021-04-27 00:00:00', 1, '', 1, 1, '2020-02-21 04:14:22', '2020-02-21 04:14:22'),
(1944, 19, '2021-04-28 00:00:00', 1, '', 1, 1, '2020-02-21 04:14:22', '2020-02-21 04:14:22'),
(1945, 19, '2021-04-29 00:00:00', 1, '', 1, 1, '2020-02-21 04:14:22', '2020-02-21 04:14:22'),
(1946, 19, '2021-04-30 00:00:00', 1, '', 1, 1, '2020-02-21 04:14:23', '2020-02-21 04:14:23'),
(1947, 19, '2021-05-01 00:00:00', 1, '', 1, 1, '2020-02-21 04:14:23', '2020-02-21 04:14:23'),
(1948, 19, '2021-05-02 00:00:00', 1, '', 1, 1, '2020-02-21 04:14:23', '2020-02-21 04:14:23'),
(1949, 19, '2021-05-03 00:00:00', 1, '', 1, 1, '2020-02-21 04:14:23', '2020-02-21 04:14:23'),
(1950, 19, '2021-05-04 00:00:00', 1, '', 1, 1, '2020-02-21 04:14:23', '2020-02-21 04:14:23'),
(1951, 19, '2021-05-05 00:00:00', 1, '', 1, 1, '2020-02-21 04:14:23', '2020-02-21 04:14:23'),
(1952, 19, '2021-05-06 00:00:00', 1, '', 1, 1, '2020-02-21 04:14:23', '2020-02-21 04:14:23'),
(1953, 19, '2021-05-07 00:00:00', 1, '', 1, 1, '2020-02-21 04:14:23', '2020-02-21 04:14:23'),
(1954, 19, '2021-05-08 00:00:00', 1, '', 1, 1, '2020-02-21 04:14:24', '2020-02-21 04:14:24'),
(1955, 19, '2021-05-09 00:00:00', 1, '', 1, 1, '2020-02-21 04:14:24', '2020-02-21 04:14:24'),
(1956, 19, '2021-05-10 00:00:00', 1, '', 1, 1, '2020-02-21 04:14:24', '2020-02-21 04:14:24'),
(1957, 19, '2021-05-11 00:00:00', 1, '', 1, 1, '2020-02-21 04:14:24', '2020-02-21 04:14:24'),
(1958, 19, '2021-05-12 00:00:00', 1, '', 1, 1, '2020-02-21 04:14:24', '2020-02-21 04:14:24'),
(1959, 19, '2021-05-13 00:00:00', 1, '', 1, 1, '2020-02-21 04:14:24', '2020-02-21 04:14:24'),
(1960, 19, '2021-05-14 00:00:00', 1, '', 1, 1, '2020-02-21 04:14:24', '2020-02-21 04:14:24'),
(1961, 19, '2021-05-15 00:00:00', 1, '', 1, 1, '2020-02-21 04:14:25', '2020-02-21 04:14:25'),
(1962, 19, '2021-05-16 00:00:00', 1, '', 1, 1, '2020-02-21 04:14:25', '2020-02-21 04:14:25'),
(1963, 20, '2020-02-21 00:00:00', 1, '', 1, 1, '2020-02-21 04:33:14', '2020-02-21 04:33:14'),
(1964, 20, '2020-02-22 00:00:00', 1, '', 1, 1, '2020-02-21 04:33:14', '2020-02-21 04:33:14'),
(1965, 20, '2020-02-23 00:00:00', 1, '', 1, 1, '2020-02-21 04:33:14', '2020-02-21 04:33:14'),
(1966, 20, '2020-02-25 00:00:00', 1, '', 1, 1, '2020-02-21 04:33:14', '2020-02-21 04:33:14'),
(1967, 20, '2020-02-26 00:00:00', 1, '', 1, 1, '2020-02-21 04:33:14', '2020-02-21 04:33:14'),
(1968, 20, '2020-02-27 00:00:00', 1, '', 1, 1, '2020-02-21 04:33:14', '2020-02-21 04:33:14'),
(1969, 20, '2020-03-06 00:00:00', 1, '', 1, 1, '2020-02-21 04:33:14', '2020-02-21 04:33:14'),
(1970, 20, '2020-03-07 00:00:00', 1, '', 1, 1, '2020-02-21 04:33:14', '2020-02-21 04:33:14'),
(1971, 20, '2020-03-08 00:00:00', 1, '', 1, 1, '2020-02-21 04:33:14', '2020-02-21 04:33:14'),
(1972, 20, '2020-03-09 00:00:00', 1, '', 1, 1, '2020-02-21 04:33:14', '2020-02-21 04:33:14'),
(1973, 20, '2020-03-15 00:00:00', 1, '', 1, 1, '2020-02-21 04:33:14', '2020-02-21 04:33:14'),
(1974, 20, '2020-03-16 00:00:00', 1, '', 1, 1, '2020-02-21 04:33:14', '2020-02-21 04:33:14'),
(1975, 20, '2020-03-17 00:00:00', 1, '', 1, 1, '2020-02-21 04:33:14', '2020-02-21 04:33:14'),
(1976, 20, '2020-03-18 00:00:00', 1, '', 1, 1, '2020-02-21 04:33:14', '2020-02-21 04:33:14'),
(1977, 20, '2020-03-19 00:00:00', 1, '', 1, 1, '2020-02-21 04:33:14', '2020-02-21 04:33:14'),
(1978, 20, '2020-03-20 00:00:00', 1, '', 1, 1, '2020-02-21 04:33:14', '2020-02-21 04:33:14'),
(1979, 20, '2020-03-27 00:00:00', 1, '', 1, 1, '2020-02-21 04:33:14', '2020-02-21 04:33:14'),
(1980, 20, '2020-03-28 00:00:00', 1, '', 1, 1, '2020-02-21 04:33:14', '2020-02-21 04:33:14'),
(1981, 20, '2020-03-29 00:00:00', 1, '', 1, 1, '2020-02-21 04:33:14', '2020-02-21 04:33:14'),
(1982, 20, '2020-04-06 00:00:00', 1, '', 1, 1, '2020-02-21 04:33:14', '2020-02-21 04:33:14'),
(1983, 20, '2020-04-07 00:00:00', 1, '', 1, 1, '2020-02-21 04:33:14', '2020-02-21 04:33:14'),
(1984, 20, '2020-04-08 00:00:00', 1, '', 1, 1, '2020-02-21 04:33:14', '2020-02-21 04:33:14'),
(1985, 20, '2020-04-09 00:00:00', 1, '', 1, 1, '2020-02-21 04:33:14', '2020-02-21 04:33:14'),
(1986, 20, '2020-04-10 00:00:00', 1, '', 1, 1, '2020-02-21 04:33:14', '2020-02-21 04:33:14'),
(1987, 20, '2020-04-11 00:00:00', 1, '', 1, 1, '2020-02-21 04:33:14', '2020-02-21 04:33:14'),
(1988, 20, '2020-04-12 00:00:00', 1, '', 1, 1, '2020-02-21 04:33:14', '2020-02-21 04:33:14'),
(1989, 20, '2020-04-13 00:00:00', 1, '', 1, 1, '2020-02-21 04:33:14', '2020-02-21 04:33:14'),
(1990, 20, '2020-04-14 00:00:00', 1, '', 1, 1, '2020-02-21 04:33:14', '2020-02-21 04:33:14'),
(1991, 20, '2020-04-15 00:00:00', 1, '', 1, 1, '2020-02-21 04:33:14', '2020-02-21 04:33:14'),
(1992, 20, '2020-04-16 00:00:00', 1, '', 1, 1, '2020-02-21 04:33:14', '2020-02-21 04:33:14'),
(1993, 20, '2020-04-30 00:00:00', 1, '', 1, 1, '2020-02-21 04:33:14', '2020-02-21 04:33:14'),
(1994, 20, '2020-05-01 00:00:00', 1, '', 1, 1, '2020-02-21 04:33:14', '2020-02-21 04:33:14'),
(1995, 20, '2020-05-02 00:00:00', 1, '', 1, 1, '2020-02-21 04:33:14', '2020-02-21 04:33:14'),
(1996, 20, '2020-05-03 00:00:00', 1, '', 1, 1, '2020-02-21 04:33:14', '2020-02-21 04:33:14'),
(1997, 20, '2020-05-22 00:00:00', 1, '', 1, 1, '2020-02-21 04:33:14', '2020-02-21 04:33:14'),
(1998, 20, '2020-05-23 00:00:00', 1, '', 1, 1, '2020-02-21 04:33:14', '2020-02-21 04:33:14'),
(1999, 20, '2020-05-24 00:00:00', 1, '', 1, 1, '2020-02-21 04:33:14', '2020-02-21 04:33:14'),
(2000, 20, '2020-11-06 00:00:00', 1, '', 1, 1, '2020-02-21 04:33:14', '2020-02-21 04:33:14'),
(2001, 20, '2020-11-07 00:00:00', 1, '', 1, 1, '2020-02-21 04:33:14', '2020-02-21 04:33:14'),
(2002, 20, '2020-11-08 00:00:00', 1, '', 1, 1, '2020-02-21 04:33:14', '2020-02-21 04:33:14'),
(2003, 20, '2020-11-09 00:00:00', 1, '', 1, 1, '2020-02-21 04:33:14', '2020-02-21 04:33:14'),
(2004, 20, '2020-11-10 00:00:00', 1, '', 1, 1, '2020-02-21 04:33:14', '2020-02-21 04:33:14'),
(2005, 20, '2020-11-11 00:00:00', 1, '', 1, 1, '2020-02-21 04:33:15', '2020-02-21 04:33:15'),
(2006, 20, '2020-11-12 00:00:00', 1, '', 1, 1, '2020-02-21 04:33:15', '2020-02-21 04:33:15'),
(2007, 20, '2020-11-13 00:00:00', 1, '', 1, 1, '2020-02-21 04:33:15', '2020-02-21 04:33:15'),
(2008, 20, '2020-11-14 00:00:00', 1, '', 1, 1, '2020-02-21 04:33:15', '2020-02-21 04:33:15'),
(2009, 20, '2020-11-15 00:00:00', 1, '', 1, 1, '2020-02-21 04:33:15', '2020-02-21 04:33:15'),
(2010, 20, '2020-11-16 00:00:00', 1, '', 1, 1, '2020-02-21 04:33:15', '2020-02-21 04:33:15'),
(2011, 20, '2020-11-17 00:00:00', 1, '', 1, 1, '2020-02-21 04:33:15', '2020-02-21 04:33:15'),
(2012, 20, '2020-11-18 00:00:00', 1, '', 1, 1, '2020-02-21 04:33:15', '2020-02-21 04:33:15'),
(2013, 20, '2020-11-19 00:00:00', 1, '', 1, 1, '2020-02-21 04:33:15', '2020-02-21 04:33:15'),
(2014, 20, '2020-11-20 00:00:00', 1, '', 1, 1, '2020-02-21 04:33:15', '2020-02-21 04:33:15'),
(2015, 20, '2020-11-21 00:00:00', 1, '', 1, 1, '2020-02-21 04:33:15', '2020-02-21 04:33:15'),
(2016, 20, '2020-11-22 00:00:00', 1, '', 1, 1, '2020-02-21 04:33:15', '2020-02-21 04:33:15'),
(2017, 20, '2020-11-23 00:00:00', 1, '', 1, 1, '2020-02-21 04:33:15', '2020-02-21 04:33:15'),
(2018, 20, '2020-11-24 00:00:00', 1, '', 1, 1, '2020-02-21 04:33:15', '2020-02-21 04:33:15'),
(2019, 20, '2020-11-25 00:00:00', 1, '', 1, 1, '2020-02-21 04:33:15', '2020-02-21 04:33:15'),
(2020, 20, '2020-11-26 00:00:00', 1, '', 1, 1, '2020-02-21 04:33:15', '2020-02-21 04:33:15'),
(2021, 20, '2020-11-27 00:00:00', 1, '', 1, 1, '2020-02-21 04:33:15', '2020-02-21 04:33:15'),
(2022, 20, '2020-11-28 00:00:00', 1, '', 1, 1, '2020-02-21 04:33:15', '2020-02-21 04:33:15'),
(2023, 20, '2020-11-29 00:00:00', 1, '', 1, 1, '2020-02-21 04:33:15', '2020-02-21 04:33:15'),
(2024, 20, '2020-11-30 00:00:00', 1, '', 1, 1, '2020-02-21 04:33:15', '2020-02-21 04:33:15'),
(2025, 20, '2020-12-01 00:00:00', 1, '', 1, 1, '2020-02-21 04:33:15', '2020-02-21 04:33:15'),
(2026, 20, '2020-12-02 00:00:00', 1, '', 1, 1, '2020-02-21 04:33:15', '2020-02-21 04:33:15'),
(2027, 20, '2020-12-03 00:00:00', 1, '', 1, 1, '2020-02-21 04:33:15', '2020-02-21 04:33:15'),
(2028, 20, '2020-12-04 00:00:00', 1, '', 1, 1, '2020-02-21 04:33:15', '2020-02-21 04:33:15'),
(2029, 20, '2020-12-05 00:00:00', 1, '', 1, 1, '2020-02-21 04:33:15', '2020-02-21 04:33:15'),
(2030, 20, '2020-12-06 00:00:00', 1, '', 1, 1, '2020-02-21 04:33:15', '2020-02-21 04:33:15'),
(2031, 20, '2020-12-07 00:00:00', 1, '', 1, 1, '2020-02-21 04:33:15', '2020-02-21 04:33:15'),
(2032, 20, '2020-12-08 00:00:00', 1, '', 1, 1, '2020-02-21 04:33:16', '2020-02-21 04:33:16'),
(2033, 20, '2020-12-09 00:00:00', 1, '', 1, 1, '2020-02-21 04:33:16', '2020-02-21 04:33:16'),
(2034, 20, '2020-12-10 00:00:00', 1, '', 1, 1, '2020-02-21 04:33:16', '2020-02-21 04:33:16'),
(2035, 20, '2020-12-11 00:00:00', 1, '', 1, 1, '2020-02-21 04:33:16', '2020-02-21 04:33:16');
INSERT INTO `occupancy_info` (`occupancy_id`, `property_id`, `date`, `property_rent_id`, `rent`, `occupancy_status`, `status`, `created_at`, `modified_at`) VALUES
(2036, 20, '2020-12-12 00:00:00', 1, '', 1, 1, '2020-02-21 04:33:16', '2020-02-21 04:33:16'),
(2037, 20, '2020-12-13 00:00:00', 1, '', 1, 1, '2020-02-21 04:33:16', '2020-02-21 04:33:16'),
(2038, 20, '2020-12-14 00:00:00', 1, '', 1, 1, '2020-02-21 04:33:16', '2020-02-21 04:33:16'),
(2039, 20, '2020-12-15 00:00:00', 1, '', 1, 1, '2020-02-21 04:33:16', '2020-02-21 04:33:16'),
(2040, 20, '2020-12-16 00:00:00', 1, '', 1, 1, '2020-02-21 04:33:16', '2020-02-21 04:33:16'),
(2041, 20, '2020-12-17 00:00:00', 1, '', 1, 1, '2020-02-21 04:33:16', '2020-02-21 04:33:16'),
(2042, 20, '2020-12-18 00:00:00', 1, '', 1, 1, '2020-02-21 04:33:16', '2020-02-21 04:33:16'),
(2043, 20, '2020-12-19 00:00:00', 1, '', 1, 1, '2020-02-21 04:33:16', '2020-02-21 04:33:16'),
(2044, 20, '2020-12-20 00:00:00', 1, '', 1, 1, '2020-02-21 04:33:16', '2020-02-21 04:33:16'),
(2045, 20, '2020-12-21 00:00:00', 1, '', 1, 1, '2020-02-21 04:33:16', '2020-02-21 04:33:16'),
(2046, 20, '2020-12-22 00:00:00', 1, '', 1, 1, '2020-02-21 04:33:16', '2020-02-21 04:33:16'),
(2047, 20, '2020-12-23 00:00:00', 1, '', 1, 1, '2020-02-21 04:33:16', '2020-02-21 04:33:16'),
(2048, 20, '2020-12-24 00:00:00', 1, '', 1, 1, '2020-02-21 04:33:16', '2020-02-21 04:33:16'),
(2049, 20, '2020-12-25 00:00:00', 1, '', 1, 1, '2020-02-21 04:33:16', '2020-02-21 04:33:16'),
(2050, 20, '2020-12-26 00:00:00', 1, '', 1, 1, '2020-02-21 04:33:16', '2020-02-21 04:33:16'),
(2051, 20, '2020-12-27 00:00:00', 1, '', 1, 1, '2020-02-21 04:33:17', '2020-02-21 04:33:17'),
(2052, 20, '2020-12-28 00:00:00', 1, '', 1, 1, '2020-02-21 04:33:17', '2020-02-21 04:33:17'),
(2053, 20, '2020-12-29 00:00:00', 1, '', 1, 1, '2020-02-21 04:33:17', '2020-02-21 04:33:17'),
(2054, 20, '2020-12-30 00:00:00', 1, '', 1, 1, '2020-02-21 04:33:17', '2020-02-21 04:33:17'),
(2055, 20, '2020-12-31 00:00:00', 1, '', 1, 1, '2020-02-21 04:33:17', '2020-02-21 04:33:17'),
(2056, 20, '2021-01-01 00:00:00', 1, '', 1, 1, '2020-02-21 04:33:17', '2020-02-21 04:33:17'),
(2057, 20, '2021-01-02 00:00:00', 1, '', 1, 1, '2020-02-21 04:33:17', '2020-02-21 04:33:17'),
(2058, 20, '2021-01-03 00:00:00', 1, '', 1, 1, '2020-02-21 04:33:17', '2020-02-21 04:33:17'),
(2059, 20, '2021-01-04 00:00:00', 1, '', 1, 1, '2020-02-21 04:33:17', '2020-02-21 04:33:17'),
(2060, 20, '2021-01-05 00:00:00', 1, '', 1, 1, '2020-02-21 04:33:17', '2020-02-21 04:33:17'),
(2061, 20, '2021-01-06 00:00:00', 1, '', 1, 1, '2020-02-21 04:33:17', '2020-02-21 04:33:17'),
(2062, 20, '2021-01-07 00:00:00', 1, '', 1, 1, '2020-02-21 04:33:17', '2020-02-21 04:33:17'),
(2063, 20, '2021-01-08 00:00:00', 1, '', 1, 1, '2020-02-21 04:33:17', '2020-02-21 04:33:17'),
(2064, 20, '2021-01-09 00:00:00', 1, '', 1, 1, '2020-02-21 04:33:17', '2020-02-21 04:33:17'),
(2065, 20, '2021-01-10 00:00:00', 1, '', 1, 1, '2020-02-21 04:33:18', '2020-02-21 04:33:18'),
(2066, 20, '2021-01-11 00:00:00', 1, '', 1, 1, '2020-02-21 04:33:18', '2020-02-21 04:33:18'),
(2067, 20, '2021-01-12 00:00:00', 1, '', 1, 1, '2020-02-21 04:33:18', '2020-02-21 04:33:18'),
(2068, 20, '2021-01-13 00:00:00', 1, '', 1, 1, '2020-02-21 04:33:18', '2020-02-21 04:33:18'),
(2069, 20, '2021-01-14 00:00:00', 1, '', 1, 1, '2020-02-21 04:33:18', '2020-02-21 04:33:18'),
(2070, 20, '2021-01-15 00:00:00', 1, '', 1, 1, '2020-02-21 04:33:18', '2020-02-21 04:33:18'),
(2071, 20, '2021-01-16 00:00:00', 1, '', 1, 1, '2020-02-21 04:33:18', '2020-02-21 04:33:18'),
(2072, 20, '2021-01-17 00:00:00', 1, '', 1, 1, '2020-02-21 04:33:18', '2020-02-21 04:33:18'),
(2073, 20, '2021-01-18 00:00:00', 1, '', 1, 1, '2020-02-21 04:33:18', '2020-02-21 04:33:18'),
(2074, 20, '2021-01-19 00:00:00', 1, '', 1, 1, '2020-02-21 04:33:18', '2020-02-21 04:33:18'),
(2075, 20, '2021-01-20 00:00:00', 1, '', 1, 1, '2020-02-21 04:33:18', '2020-02-21 04:33:18'),
(2076, 20, '2021-01-21 00:00:00', 1, '', 1, 1, '2020-02-21 04:33:18', '2020-02-21 04:33:18'),
(2077, 20, '2021-01-22 00:00:00', 1, '', 1, 1, '2020-02-21 04:33:18', '2020-02-21 04:33:18'),
(2078, 20, '2021-01-23 00:00:00', 1, '', 1, 1, '2020-02-21 04:33:18', '2020-02-21 04:33:18'),
(2079, 20, '2021-01-24 00:00:00', 1, '', 1, 1, '2020-02-21 04:33:19', '2020-02-21 04:33:19'),
(2080, 20, '2021-01-25 00:00:00', 1, '', 1, 1, '2020-02-21 04:33:19', '2020-02-21 04:33:19'),
(2081, 20, '2021-01-26 00:00:00', 1, '', 1, 1, '2020-02-21 04:33:19', '2020-02-21 04:33:19'),
(2082, 20, '2021-01-27 00:00:00', 1, '', 1, 1, '2020-02-21 04:33:19', '2020-02-21 04:33:19'),
(2083, 20, '2021-01-28 00:00:00', 1, '', 1, 1, '2020-02-21 04:33:19', '2020-02-21 04:33:19'),
(2084, 20, '2021-01-29 00:00:00', 1, '', 1, 1, '2020-02-21 04:33:19', '2020-02-21 04:33:19'),
(2085, 20, '2021-01-30 00:00:00', 1, '', 1, 1, '2020-02-21 04:33:19', '2020-02-21 04:33:19'),
(2086, 20, '2021-01-31 00:00:00', 1, '', 1, 1, '2020-02-21 04:33:19', '2020-02-21 04:33:19'),
(2087, 20, '2021-02-01 00:00:00', 1, '', 1, 1, '2020-02-21 04:33:19', '2020-02-21 04:33:19'),
(2088, 20, '2021-02-02 00:00:00', 1, '', 1, 1, '2020-02-21 04:33:19', '2020-02-21 04:33:19'),
(2089, 20, '2021-02-03 00:00:00', 1, '', 1, 1, '2020-02-21 04:33:19', '2020-02-21 04:33:19'),
(2090, 20, '2021-02-04 00:00:00', 1, '', 1, 1, '2020-02-21 04:33:20', '2020-02-21 04:33:20'),
(2091, 20, '2021-02-05 00:00:00', 1, '', 1, 1, '2020-02-21 04:33:20', '2020-02-21 04:33:20'),
(2092, 20, '2021-02-06 00:00:00', 1, '', 1, 1, '2020-02-21 04:33:20', '2020-02-21 04:33:20'),
(2093, 20, '2021-02-07 00:00:00', 1, '', 1, 1, '2020-02-21 04:33:20', '2020-02-21 04:33:20'),
(2094, 20, '2021-02-08 00:00:00', 1, '', 1, 1, '2020-02-21 04:33:20', '2020-02-21 04:33:20'),
(2095, 20, '2021-02-09 00:00:00', 1, '', 1, 1, '2020-02-21 04:33:20', '2020-02-21 04:33:20'),
(2096, 20, '2021-02-10 00:00:00', 1, '', 1, 1, '2020-02-21 04:33:20', '2020-02-21 04:33:20'),
(2097, 20, '2021-02-11 00:00:00', 1, '', 1, 1, '2020-02-21 04:33:20', '2020-02-21 04:33:20'),
(2098, 20, '2021-02-12 00:00:00', 1, '', 1, 1, '2020-02-21 04:33:20', '2020-02-21 04:33:20'),
(2099, 20, '2021-02-13 00:00:00', 1, '', 1, 1, '2020-02-21 04:33:20', '2020-02-21 04:33:20'),
(2100, 20, '2021-02-14 00:00:00', 1, '', 1, 1, '2020-02-21 04:33:21', '2020-02-21 04:33:21'),
(2101, 20, '2021-02-15 00:00:00', 1, '', 1, 1, '2020-02-21 04:33:21', '2020-02-21 04:33:21'),
(2102, 20, '2021-02-16 00:00:00', 1, '', 1, 1, '2020-02-21 04:33:21', '2020-02-21 04:33:21'),
(2103, 20, '2021-02-17 00:00:00', 1, '', 1, 1, '2020-02-21 04:33:21', '2020-02-21 04:33:21'),
(2104, 20, '2021-02-18 00:00:00', 1, '', 1, 1, '2020-02-21 04:33:21', '2020-02-21 04:33:21'),
(2105, 20, '2021-02-19 00:00:00', 1, '', 1, 1, '2020-02-21 04:33:21', '2020-02-21 04:33:21'),
(2106, 20, '2021-02-20 00:00:00', 1, '', 1, 1, '2020-02-21 04:33:21', '2020-02-21 04:33:21'),
(2107, 20, '2021-02-21 00:00:00', 1, '', 1, 1, '2020-02-21 04:33:21', '2020-02-21 04:33:21'),
(2108, 20, '2021-02-22 00:00:00', 1, '', 1, 1, '2020-02-21 04:33:21', '2020-02-21 04:33:21'),
(2109, 20, '2021-02-23 00:00:00', 1, '', 1, 1, '2020-02-21 04:33:22', '2020-02-21 04:33:22'),
(2110, 20, '2021-02-24 00:00:00', 1, '', 1, 1, '2020-02-21 04:33:22', '2020-02-21 04:33:22'),
(2111, 20, '2021-02-25 00:00:00', 1, '', 1, 1, '2020-02-21 04:33:22', '2020-02-21 04:33:22'),
(2112, 20, '2021-02-26 00:00:00', 1, '', 1, 1, '2020-02-21 04:33:22', '2020-02-21 04:33:22'),
(2113, 20, '2021-02-27 00:00:00', 1, '', 1, 1, '2020-02-21 04:33:22', '2020-02-21 04:33:22'),
(2114, 20, '2021-02-28 00:00:00', 1, '', 1, 1, '2020-02-21 04:33:22', '2020-02-21 04:33:22'),
(2115, 20, '2021-03-01 00:00:00', 1, '', 1, 1, '2020-02-21 04:33:22', '2020-02-21 04:33:22'),
(2116, 20, '2021-03-02 00:00:00', 1, '', 1, 1, '2020-02-21 04:33:22', '2020-02-21 04:33:22'),
(2117, 20, '2021-03-03 00:00:00', 1, '', 1, 1, '2020-02-21 04:33:23', '2020-02-21 04:33:23'),
(2118, 20, '2021-03-04 00:00:00', 1, '', 1, 1, '2020-02-21 04:33:23', '2020-02-21 04:33:23'),
(2119, 20, '2021-03-05 00:00:00', 1, '', 1, 1, '2020-02-21 04:33:23', '2020-02-21 04:33:23'),
(2120, 20, '2021-03-06 00:00:00', 1, '', 1, 1, '2020-02-21 04:33:23', '2020-02-21 04:33:23'),
(2121, 20, '2021-03-07 00:00:00', 1, '', 1, 1, '2020-02-21 04:33:23', '2020-02-21 04:33:23'),
(2122, 20, '2021-03-08 00:00:00', 1, '', 1, 1, '2020-02-21 04:33:23', '2020-02-21 04:33:23'),
(2123, 20, '2021-03-09 00:00:00', 1, '', 1, 1, '2020-02-21 04:33:23', '2020-02-21 04:33:23'),
(2124, 20, '2021-03-10 00:00:00', 1, '', 1, 1, '2020-02-21 04:33:23', '2020-02-21 04:33:23'),
(2125, 20, '2021-03-11 00:00:00', 1, '', 1, 1, '2020-02-21 04:33:24', '2020-02-21 04:33:24'),
(2126, 20, '2021-03-12 00:00:00', 1, '', 1, 1, '2020-02-21 04:33:24', '2020-02-21 04:33:24'),
(2127, 20, '2021-03-13 00:00:00', 1, '', 1, 1, '2020-02-21 04:33:24', '2020-02-21 04:33:24'),
(2128, 20, '2021-03-14 00:00:00', 1, '', 1, 1, '2020-02-21 04:33:24', '2020-02-21 04:33:24'),
(2129, 20, '2021-03-15 00:00:00', 1, '', 1, 1, '2020-02-21 04:33:24', '2020-02-21 04:33:24'),
(2130, 20, '2021-03-16 00:00:00', 1, '', 1, 1, '2020-02-21 04:33:24', '2020-02-21 04:33:24'),
(2131, 20, '2021-03-17 00:00:00', 1, '', 1, 1, '2020-02-21 04:33:24', '2020-02-21 04:33:24'),
(2132, 20, '2021-03-18 00:00:00', 1, '', 1, 1, '2020-02-21 04:33:25', '2020-02-21 04:33:25'),
(2133, 20, '2021-03-19 00:00:00', 1, '', 1, 1, '2020-02-21 04:33:25', '2020-02-21 04:33:25'),
(2134, 20, '2021-03-20 00:00:00', 1, '', 1, 1, '2020-02-21 04:33:25', '2020-02-21 04:33:25'),
(2135, 20, '2021-03-21 00:00:00', 1, '', 1, 1, '2020-02-21 04:33:25', '2020-02-21 04:33:25'),
(2136, 20, '2021-03-22 00:00:00', 1, '', 1, 1, '2020-02-21 04:33:25', '2020-02-21 04:33:25'),
(2137, 20, '2021-03-23 00:00:00', 1, '', 1, 1, '2020-02-21 04:33:25', '2020-02-21 04:33:25'),
(2138, 20, '2021-03-24 00:00:00', 1, '', 1, 1, '2020-02-21 04:33:25', '2020-02-21 04:33:25'),
(2139, 20, '2021-03-25 00:00:00', 1, '', 1, 1, '2020-02-21 04:33:26', '2020-02-21 04:33:26'),
(2140, 20, '2021-03-26 00:00:00', 1, '', 1, 1, '2020-02-21 04:33:26', '2020-02-21 04:33:26'),
(2141, 20, '2021-03-27 00:00:00', 1, '', 1, 1, '2020-02-21 04:33:26', '2020-02-21 04:33:26'),
(2142, 20, '2021-03-28 00:00:00', 1, '', 1, 1, '2020-02-21 04:33:26', '2020-02-21 04:33:26'),
(2143, 20, '2021-03-29 00:00:00', 1, '', 1, 1, '2020-02-21 04:33:26', '2020-02-21 04:33:26'),
(2144, 20, '2021-03-30 00:00:00', 1, '', 1, 1, '2020-02-21 04:33:26', '2020-02-21 04:33:26'),
(2145, 20, '2021-03-31 00:00:00', 1, '', 1, 1, '2020-02-21 04:33:26', '2020-02-21 04:33:26'),
(2146, 20, '2021-04-01 00:00:00', 1, '', 1, 1, '2020-02-21 04:33:27', '2020-02-21 04:33:27'),
(2147, 20, '2021-04-02 00:00:00', 1, '', 1, 1, '2020-02-21 04:33:27', '2020-02-21 04:33:27'),
(2148, 20, '2021-04-03 00:00:00', 1, '', 1, 1, '2020-02-21 04:33:27', '2020-02-21 04:33:27'),
(2149, 20, '2021-04-04 00:00:00', 1, '', 1, 1, '2020-02-21 04:33:27', '2020-02-21 04:33:27'),
(2150, 20, '2021-04-05 00:00:00', 1, '', 1, 1, '2020-02-21 04:33:27', '2020-02-21 04:33:27'),
(2151, 20, '2021-04-06 00:00:00', 1, '', 1, 1, '2020-02-21 04:33:27', '2020-02-21 04:33:27'),
(2152, 20, '2021-04-07 00:00:00', 1, '', 1, 1, '2020-02-21 04:33:27', '2020-02-21 04:33:27'),
(2153, 20, '2021-04-08 00:00:00', 1, '', 1, 1, '2020-02-21 04:33:28', '2020-02-21 04:33:28'),
(2154, 20, '2021-04-09 00:00:00', 1, '', 1, 1, '2020-02-21 04:33:28', '2020-02-21 04:33:28'),
(2155, 20, '2021-04-10 00:00:00', 1, '', 1, 1, '2020-02-21 04:33:28', '2020-02-21 04:33:28'),
(2156, 20, '2021-04-11 00:00:00', 1, '', 1, 1, '2020-02-21 04:33:28', '2020-02-21 04:33:28'),
(2157, 20, '2021-04-12 00:00:00', 1, '', 1, 1, '2020-02-21 04:33:28', '2020-02-21 04:33:28'),
(2158, 20, '2021-04-13 00:00:00', 1, '', 1, 1, '2020-02-21 04:33:28', '2020-02-21 04:33:28'),
(2159, 20, '2021-04-14 00:00:00', 1, '', 1, 1, '2020-02-21 04:33:28', '2020-02-21 04:33:28'),
(2160, 20, '2021-04-15 00:00:00', 1, '', 1, 1, '2020-02-21 04:33:29', '2020-02-21 04:33:29'),
(2161, 20, '2021-04-16 00:00:00', 1, '', 1, 1, '2020-02-21 04:33:29', '2020-02-21 04:33:29'),
(2162, 20, '2021-04-17 00:00:00', 1, '', 1, 1, '2020-02-21 04:33:29', '2020-02-21 04:33:29'),
(2163, 20, '2021-04-18 00:00:00', 1, '', 1, 1, '2020-02-21 04:33:29', '2020-02-21 04:33:29'),
(2164, 20, '2021-04-19 00:00:00', 1, '', 1, 1, '2020-02-21 04:33:29', '2020-02-21 04:33:29'),
(2165, 20, '2021-04-20 00:00:00', 1, '', 1, 1, '2020-02-21 04:33:29', '2020-02-21 04:33:29'),
(2166, 20, '2021-04-21 00:00:00', 1, '', 1, 1, '2020-02-21 04:33:30', '2020-02-21 04:33:30'),
(2167, 20, '2021-04-22 00:00:00', 1, '', 1, 1, '2020-02-21 04:33:30', '2020-02-21 04:33:30'),
(2168, 20, '2021-04-23 00:00:00', 1, '', 1, 1, '2020-02-21 04:33:30', '2020-02-21 04:33:30'),
(2169, 20, '2021-04-24 00:00:00', 1, '', 1, 1, '2020-02-21 04:33:30', '2020-02-21 04:33:30'),
(2170, 20, '2021-04-25 00:00:00', 1, '', 1, 1, '2020-02-21 04:33:30', '2020-02-21 04:33:30'),
(2171, 20, '2021-04-26 00:00:00', 1, '', 1, 1, '2020-02-21 04:33:30', '2020-02-21 04:33:30'),
(2172, 20, '2021-04-27 00:00:00', 1, '', 1, 1, '2020-02-21 04:33:31', '2020-02-21 04:33:31'),
(2173, 20, '2021-04-28 00:00:00', 1, '', 1, 1, '2020-02-21 04:33:31', '2020-02-21 04:33:31'),
(2174, 20, '2021-04-29 00:00:00', 1, '', 1, 1, '2020-02-21 04:33:31', '2020-02-21 04:33:31'),
(2175, 20, '2021-04-30 00:00:00', 1, '', 1, 1, '2020-02-21 04:33:31', '2020-02-21 04:33:31'),
(2176, 20, '2021-05-01 00:00:00', 1, '', 1, 1, '2020-02-21 04:33:31', '2020-02-21 04:33:31'),
(2177, 20, '2021-05-02 00:00:00', 1, '', 1, 1, '2020-02-21 04:33:31', '2020-02-21 04:33:31'),
(2178, 20, '2021-05-03 00:00:00', 1, '', 1, 1, '2020-02-21 04:33:32', '2020-02-21 04:33:32'),
(2179, 20, '2021-05-04 00:00:00', 1, '', 1, 1, '2020-02-21 04:33:32', '2020-02-21 04:33:32'),
(2180, 20, '2021-05-05 00:00:00', 1, '', 1, 1, '2020-02-21 04:33:32', '2020-02-21 04:33:32'),
(2181, 20, '2021-05-06 00:00:00', 1, '', 1, 1, '2020-02-21 04:33:32', '2020-02-21 04:33:32'),
(2182, 20, '2021-05-07 00:00:00', 1, '', 1, 1, '2020-02-21 04:33:32', '2020-02-21 04:33:32'),
(2183, 20, '2021-05-08 00:00:00', 1, '', 1, 1, '2020-02-21 04:33:32', '2020-02-21 04:33:32'),
(2184, 20, '2021-05-09 00:00:00', 1, '', 1, 1, '2020-02-21 04:33:33', '2020-02-21 04:33:33'),
(2185, 20, '2021-05-10 00:00:00', 1, '', 1, 1, '2020-02-21 04:33:33', '2020-02-21 04:33:33'),
(2186, 20, '2021-05-11 00:00:00', 1, '', 1, 1, '2020-02-21 04:33:33', '2020-02-21 04:33:33'),
(2187, 20, '2021-05-12 00:00:00', 1, '', 1, 1, '2020-02-21 04:33:33', '2020-02-21 04:33:33'),
(2188, 20, '2021-05-13 00:00:00', 1, '', 1, 1, '2020-02-21 04:33:33', '2020-02-21 04:33:33'),
(2189, 20, '2021-05-14 00:00:00', 1, '', 1, 1, '2020-02-21 04:33:34', '2020-02-21 04:33:34'),
(2190, 20, '2021-05-15 00:00:00', 1, '', 1, 1, '2020-02-21 04:33:34', '2020-02-21 04:33:34'),
(2191, 20, '2021-05-16 00:00:00', 1, '', 1, 1, '2020-02-21 04:33:34', '2020-02-21 04:33:34'),
(2192, 18, '2021-05-16 00:00:00', 1, '', 1, 1, '2020-02-21 04:46:49', '2020-02-21 04:46:49'),
(2193, 18, '2021-05-17 00:00:00', 1, '', 1, 1, '2020-02-22 06:34:00', '2020-02-22 06:34:00'),
(2194, 18, '2020-04-11 00:00:00', 1, '', 1, 1, '2020-02-25 10:41:51', '2020-02-25 10:41:51'),
(2195, 18, '2020-04-12 00:00:00', 1, '', 1, 1, '2020-02-25 10:41:51', '2020-02-25 10:41:51'),
(2196, 18, '2021-05-18 00:00:00', 1, '', 1, 1, '2020-02-25 10:42:11', '2020-02-25 10:42:11'),
(2197, 18, '2021-05-19 00:00:00', 1, '', 1, 1, '2020-02-25 10:42:11', '2020-02-25 10:42:11'),
(2198, 18, '2021-05-20 00:00:00', 1, '', 1, 1, '2020-02-25 10:42:11', '2020-02-25 10:42:11'),
(2199, 18, '2021-05-21 00:00:00', 1, '', 1, 1, '2020-02-28 10:22:56', '2020-02-28 10:22:56'),
(2200, 18, '2021-05-22 00:00:00', 1, '', 1, 1, '2020-02-28 10:22:57', '2020-02-28 10:22:57'),
(2201, 18, '2021-05-23 00:00:00', 1, '', 1, 1, '2020-02-28 10:22:57', '2020-02-28 10:22:57'),
(2202, 18, '2021-05-24 00:00:00', 1, '', 1, 1, '2020-02-29 07:51:30', '2020-02-29 07:51:30'),
(2203, 2, '2020-03-06 00:00:00', 1, '', 1, 1, '2020-03-02 06:25:57', '2020-03-02 06:25:57'),
(2204, 2, '2020-03-07 00:00:00', 1, '', 1, 1, '2020-03-02 06:25:57', '2020-03-02 06:25:57'),
(2205, 2, '2020-03-08 00:00:00', 1, '', 1, 1, '2020-03-02 06:25:57', '2020-03-02 06:25:57'),
(2206, 2, '2020-03-09 00:00:00', 1, '', 1, 1, '2020-03-02 06:25:57', '2020-03-02 06:25:57'),
(2207, 2, '2020-03-15 00:00:00', 1, '', 1, 1, '2020-03-02 06:25:57', '2020-03-02 06:25:57'),
(2208, 2, '2020-03-16 00:00:00', 1, '', 1, 1, '2020-03-02 06:25:57', '2020-03-02 06:25:57'),
(2209, 2, '2020-03-17 00:00:00', 1, '', 1, 1, '2020-03-02 06:25:57', '2020-03-02 06:25:57'),
(2210, 2, '2020-03-18 00:00:00', 1, '', 1, 1, '2020-03-02 06:25:57', '2020-03-02 06:25:57'),
(2211, 2, '2020-03-19 00:00:00', 1, '', 1, 1, '2020-03-02 06:25:57', '2020-03-02 06:25:57'),
(2212, 2, '2020-03-20 00:00:00', 1, '', 1, 1, '2020-03-02 06:25:57', '2020-03-02 06:25:57'),
(2213, 2, '2020-03-21 00:00:00', 1, '', 1, 1, '2020-03-02 06:25:57', '2020-03-02 06:25:57'),
(2214, 2, '2020-03-22 00:00:00', 1, '', 1, 1, '2020-03-02 06:25:57', '2020-03-02 06:25:57'),
(2215, 2, '2020-03-23 00:00:00', 1, '', 1, 1, '2020-03-02 06:25:57', '2020-03-02 06:25:57'),
(2216, 2, '2020-03-26 00:00:00', 1, '', 1, 1, '2020-03-02 06:25:57', '2020-03-02 06:25:57'),
(2217, 2, '2020-03-27 00:00:00', 1, '', 1, 1, '2020-03-02 06:25:58', '2020-03-02 06:25:58'),
(2218, 2, '2020-03-28 00:00:00', 1, '', 1, 1, '2020-03-02 06:25:58', '2020-03-02 06:25:58'),
(2219, 2, '2020-03-29 00:00:00', 1, '', 1, 1, '2020-03-02 06:25:58', '2020-03-02 06:25:58'),
(2220, 2, '2020-03-30 00:00:00', 1, '', 1, 1, '2020-03-02 06:25:58', '2020-03-02 06:25:58'),
(2221, 2, '2020-03-31 00:00:00', 1, '', 1, 1, '2020-03-02 06:25:58', '2020-03-02 06:25:58'),
(2222, 2, '2020-04-02 00:00:00', 1, '', 1, 1, '2020-03-02 06:25:58', '2020-03-02 06:25:58'),
(2223, 2, '2020-04-03 00:00:00', 1, '', 1, 1, '2020-03-02 06:25:58', '2020-03-02 06:25:58'),
(2224, 2, '2020-04-04 00:00:00', 1, '', 1, 1, '2020-03-02 06:25:58', '2020-03-02 06:25:58'),
(2225, 2, '2020-04-05 00:00:00', 1, '', 1, 1, '2020-03-02 06:25:58', '2020-03-02 06:25:58'),
(2226, 2, '2020-04-06 00:00:00', 1, '', 1, 1, '2020-03-02 06:25:58', '2020-03-02 06:25:58'),
(2227, 2, '2020-04-07 00:00:00', 1, '', 1, 1, '2020-03-02 06:25:58', '2020-03-02 06:25:58'),
(2228, 2, '2020-04-08 00:00:00', 1, '', 1, 1, '2020-03-02 06:25:58', '2020-03-02 06:25:58'),
(2229, 2, '2020-04-09 00:00:00', 1, '', 1, 1, '2020-03-02 06:25:58', '2020-03-02 06:25:58'),
(2230, 2, '2020-04-10 00:00:00', 1, '', 1, 1, '2020-03-02 06:25:58', '2020-03-02 06:25:58'),
(2231, 2, '2020-04-11 00:00:00', 1, '', 1, 1, '2020-03-02 06:25:58', '2020-03-02 06:25:58'),
(2232, 2, '2020-04-12 00:00:00', 1, '', 1, 1, '2020-03-02 06:25:58', '2020-03-02 06:25:58'),
(2233, 2, '2020-04-13 00:00:00', 1, '', 1, 1, '2020-03-02 06:25:58', '2020-03-02 06:25:58'),
(2234, 2, '2020-04-14 00:00:00', 1, '', 1, 1, '2020-03-02 06:25:58', '2020-03-02 06:25:58'),
(2235, 2, '2020-04-15 00:00:00', 1, '', 1, 1, '2020-03-02 06:25:58', '2020-03-02 06:25:58'),
(2236, 2, '2020-04-16 00:00:00', 1, '', 1, 1, '2020-03-02 06:25:58', '2020-03-02 06:25:58'),
(2237, 2, '2020-04-17 00:00:00', 1, '', 1, 1, '2020-03-02 06:25:58', '2020-03-02 06:25:58'),
(2238, 2, '2020-04-18 00:00:00', 1, '', 1, 1, '2020-03-02 06:25:58', '2020-03-02 06:25:58'),
(2239, 2, '2020-04-19 00:00:00', 1, '', 1, 1, '2020-03-02 06:25:58', '2020-03-02 06:25:58'),
(2240, 2, '2020-04-25 00:00:00', 1, '', 1, 1, '2020-03-02 06:25:58', '2020-03-02 06:25:58'),
(2241, 2, '2020-04-26 00:00:00', 1, '', 1, 1, '2020-03-02 06:25:58', '2020-03-02 06:25:58'),
(2242, 2, '2020-04-27 00:00:00', 1, '', 1, 1, '2020-03-02 06:25:58', '2020-03-02 06:25:58'),
(2243, 2, '2020-04-28 00:00:00', 1, '', 1, 1, '2020-03-02 06:25:58', '2020-03-02 06:25:58'),
(2244, 2, '2020-04-29 00:00:00', 1, '', 1, 1, '2020-03-02 06:25:58', '2020-03-02 06:25:58'),
(2245, 2, '2020-04-30 00:00:00', 1, '', 1, 1, '2020-03-02 06:25:58', '2020-03-02 06:25:58'),
(2246, 2, '2020-05-01 00:00:00', 1, '', 1, 1, '2020-03-02 06:25:58', '2020-03-02 06:25:58'),
(2247, 2, '2020-05-02 00:00:00', 1, '', 1, 1, '2020-03-02 06:25:58', '2020-03-02 06:25:58'),
(2248, 2, '2020-05-03 00:00:00', 1, '', 1, 1, '2020-03-02 06:25:58', '2020-03-02 06:25:58'),
(2249, 2, '2020-05-07 00:00:00', 1, '', 1, 1, '2020-03-02 06:25:58', '2020-03-02 06:25:58'),
(2250, 2, '2020-05-08 00:00:00', 1, '', 1, 1, '2020-03-02 06:25:59', '2020-03-02 06:25:59'),
(2251, 2, '2020-05-09 00:00:00', 1, '', 1, 1, '2020-03-02 06:25:59', '2020-03-02 06:25:59'),
(2252, 2, '2020-05-10 00:00:00', 1, '', 1, 1, '2020-03-02 06:25:59', '2020-03-02 06:25:59'),
(2253, 2, '2020-05-21 00:00:00', 1, '', 1, 1, '2020-03-02 06:25:59', '2020-03-02 06:25:59'),
(2254, 2, '2020-05-22 00:00:00', 1, '', 1, 1, '2020-03-02 06:25:59', '2020-03-02 06:25:59'),
(2255, 2, '2020-05-23 00:00:00', 1, '', 1, 1, '2020-03-02 06:25:59', '2020-03-02 06:25:59'),
(2256, 2, '2020-05-24 00:00:00', 1, '', 1, 1, '2020-03-02 06:25:59', '2020-03-02 06:25:59'),
(2257, 2, '2020-05-28 00:00:00', 1, '', 1, 1, '2020-03-02 06:25:59', '2020-03-02 06:25:59'),
(2258, 2, '2020-05-29 00:00:00', 1, '', 1, 1, '2020-03-02 06:25:59', '2020-03-02 06:25:59'),
(2259, 2, '2020-05-30 00:00:00', 1, '', 1, 1, '2020-03-02 06:25:59', '2020-03-02 06:25:59'),
(2260, 2, '2020-05-31 00:00:00', 1, '', 1, 1, '2020-03-02 06:25:59', '2020-03-02 06:25:59'),
(2261, 2, '2020-12-01 00:00:00', 1, '', 1, 1, '2020-03-02 06:25:59', '2020-03-02 06:25:59'),
(2262, 2, '2020-12-02 00:00:00', 1, '', 1, 1, '2020-03-02 06:25:59', '2020-03-02 06:25:59'),
(2263, 2, '2020-12-03 00:00:00', 1, '', 1, 1, '2020-03-02 06:25:59', '2020-03-02 06:25:59'),
(2264, 2, '2020-12-04 00:00:00', 1, '', 1, 1, '2020-03-02 06:25:59', '2020-03-02 06:25:59'),
(2265, 2, '2020-12-05 00:00:00', 1, '', 1, 1, '2020-03-02 06:25:59', '2020-03-02 06:25:59'),
(2266, 2, '2020-12-06 00:00:00', 1, '', 1, 1, '2020-03-02 06:25:59', '2020-03-02 06:25:59'),
(2267, 2, '2020-12-07 00:00:00', 1, '', 1, 1, '2020-03-02 06:25:59', '2020-03-02 06:25:59'),
(2268, 2, '2020-12-08 00:00:00', 1, '', 1, 1, '2020-03-02 06:25:59', '2020-03-02 06:25:59'),
(2269, 2, '2020-12-09 00:00:00', 1, '', 1, 1, '2020-03-02 06:26:00', '2020-03-02 06:26:00'),
(2270, 2, '2020-12-10 00:00:00', 1, '', 1, 1, '2020-03-02 06:26:00', '2020-03-02 06:26:00'),
(2271, 2, '2020-12-11 00:00:00', 1, '', 1, 1, '2020-03-02 06:26:00', '2020-03-02 06:26:00'),
(2272, 2, '2020-12-12 00:00:00', 1, '', 1, 1, '2020-03-02 06:26:00', '2020-03-02 06:26:00'),
(2273, 2, '2020-12-13 00:00:00', 1, '', 1, 1, '2020-03-02 06:26:00', '2020-03-02 06:26:00'),
(2274, 2, '2020-12-14 00:00:00', 1, '', 1, 1, '2020-03-02 06:26:00', '2020-03-02 06:26:00'),
(2275, 2, '2020-12-15 00:00:00', 1, '', 1, 1, '2020-03-02 06:26:00', '2020-03-02 06:26:00'),
(2276, 2, '2020-12-16 00:00:00', 1, '', 1, 1, '2020-03-02 06:26:00', '2020-03-02 06:26:00'),
(2277, 2, '2020-12-17 00:00:00', 1, '', 1, 1, '2020-03-02 06:26:00', '2020-03-02 06:26:00'),
(2278, 2, '2020-12-18 00:00:00', 1, '', 1, 1, '2020-03-02 06:26:00', '2020-03-02 06:26:00'),
(2279, 2, '2020-12-19 00:00:00', 1, '', 1, 1, '2020-03-02 06:26:00', '2020-03-02 06:26:00'),
(2280, 2, '2020-12-20 00:00:00', 1, '', 1, 1, '2020-03-02 06:26:00', '2020-03-02 06:26:00'),
(2281, 2, '2020-12-21 00:00:00', 1, '', 1, 1, '2020-03-02 06:26:00', '2020-03-02 06:26:00'),
(2282, 2, '2020-12-22 00:00:00', 1, '', 1, 1, '2020-03-02 06:26:00', '2020-03-02 06:26:00'),
(2283, 2, '2020-12-23 00:00:00', 1, '', 1, 1, '2020-03-02 06:26:01', '2020-03-02 06:26:01'),
(2284, 2, '2020-12-24 00:00:00', 1, '', 1, 1, '2020-03-02 06:26:01', '2020-03-02 06:26:01'),
(2285, 2, '2020-12-25 00:00:00', 1, '', 1, 1, '2020-03-02 06:26:01', '2020-03-02 06:26:01'),
(2286, 2, '2020-12-26 00:00:00', 1, '', 1, 1, '2020-03-02 06:26:01', '2020-03-02 06:26:01'),
(2287, 2, '2020-12-27 00:00:00', 1, '', 1, 1, '2020-03-02 06:26:01', '2020-03-02 06:26:01'),
(2288, 2, '2020-12-28 00:00:00', 1, '', 1, 1, '2020-03-02 06:26:01', '2020-03-02 06:26:01'),
(2289, 2, '2020-12-29 00:00:00', 1, '', 1, 1, '2020-03-02 06:26:01', '2020-03-02 06:26:01'),
(2290, 2, '2020-12-30 00:00:00', 1, '', 1, 1, '2020-03-02 06:26:01', '2020-03-02 06:26:01'),
(2291, 2, '2020-12-31 00:00:00', 1, '', 1, 1, '2020-03-02 06:26:01', '2020-03-02 06:26:01'),
(2292, 2, '2021-01-01 00:00:00', 1, '', 1, 1, '2020-03-02 06:26:01', '2020-03-02 06:26:01'),
(2293, 2, '2021-01-02 00:00:00', 1, '', 1, 1, '2020-03-02 06:26:02', '2020-03-02 06:26:02'),
(2294, 2, '2021-01-03 00:00:00', 1, '', 1, 1, '2020-03-02 06:26:02', '2020-03-02 06:26:02'),
(2295, 2, '2021-01-04 00:00:00', 1, '', 1, 1, '2020-03-02 06:26:02', '2020-03-02 06:26:02'),
(2296, 2, '2021-01-05 00:00:00', 1, '', 1, 1, '2020-03-02 06:26:02', '2020-03-02 06:26:02'),
(2297, 2, '2021-01-06 00:00:00', 1, '', 1, 1, '2020-03-02 06:26:02', '2020-03-02 06:26:02'),
(2298, 2, '2021-01-07 00:00:00', 1, '', 1, 1, '2020-03-02 06:26:02', '2020-03-02 06:26:02'),
(2299, 2, '2021-01-08 00:00:00', 1, '', 1, 1, '2020-03-02 06:26:02', '2020-03-02 06:26:02'),
(2300, 2, '2021-01-09 00:00:00', 1, '', 1, 1, '2020-03-02 06:26:02', '2020-03-02 06:26:02'),
(2301, 2, '2021-01-10 00:00:00', 1, '', 1, 1, '2020-03-02 06:26:02', '2020-03-02 06:26:02'),
(2302, 2, '2021-01-11 00:00:00', 1, '', 1, 1, '2020-03-02 06:26:02', '2020-03-02 06:26:02'),
(2303, 2, '2021-01-12 00:00:00', 1, '', 1, 1, '2020-03-02 06:26:03', '2020-03-02 06:26:03'),
(2304, 2, '2021-01-13 00:00:00', 1, '', 1, 1, '2020-03-02 06:26:03', '2020-03-02 06:26:03'),
(2305, 2, '2021-01-14 00:00:00', 1, '', 1, 1, '2020-03-02 06:26:03', '2020-03-02 06:26:03'),
(2306, 2, '2021-01-15 00:00:00', 1, '', 1, 1, '2020-03-02 06:26:03', '2020-03-02 06:26:03'),
(2307, 2, '2021-01-16 00:00:00', 1, '', 1, 1, '2020-03-02 06:26:03', '2020-03-02 06:26:03'),
(2308, 2, '2021-01-17 00:00:00', 1, '', 1, 1, '2020-03-02 06:26:03', '2020-03-02 06:26:03'),
(2309, 2, '2021-01-18 00:00:00', 1, '', 1, 1, '2020-03-02 06:26:03', '2020-03-02 06:26:03'),
(2310, 2, '2021-01-19 00:00:00', 1, '', 1, 1, '2020-03-02 06:26:03', '2020-03-02 06:26:03'),
(2311, 2, '2021-01-20 00:00:00', 1, '', 1, 1, '2020-03-02 06:26:03', '2020-03-02 06:26:03'),
(2312, 2, '2021-01-21 00:00:00', 1, '', 1, 1, '2020-03-02 06:26:03', '2020-03-02 06:26:03'),
(2313, 2, '2021-01-22 00:00:00', 1, '', 1, 1, '2020-03-02 06:26:03', '2020-03-02 06:26:03'),
(2314, 2, '2021-01-23 00:00:00', 1, '', 1, 1, '2020-03-02 06:26:04', '2020-03-02 06:26:04'),
(2315, 2, '2021-01-24 00:00:00', 1, '', 1, 1, '2020-03-02 06:26:04', '2020-03-02 06:26:04'),
(2316, 2, '2021-01-25 00:00:00', 1, '', 1, 1, '2020-03-02 06:26:04', '2020-03-02 06:26:04'),
(2317, 2, '2021-01-26 00:00:00', 1, '', 1, 1, '2020-03-02 06:26:04', '2020-03-02 06:26:04'),
(2318, 2, '2021-01-27 00:00:00', 1, '', 1, 1, '2020-03-02 06:26:04', '2020-03-02 06:26:04'),
(2319, 2, '2021-01-28 00:00:00', 1, '', 1, 1, '2020-03-02 06:26:04', '2020-03-02 06:26:04'),
(2320, 2, '2021-01-29 00:00:00', 1, '', 1, 1, '2020-03-02 06:26:04', '2020-03-02 06:26:04'),
(2321, 2, '2021-01-30 00:00:00', 1, '', 1, 1, '2020-03-02 06:26:04', '2020-03-02 06:26:04'),
(2322, 2, '2021-01-31 00:00:00', 1, '', 1, 1, '2020-03-02 06:26:05', '2020-03-02 06:26:05'),
(2323, 2, '2021-02-01 00:00:00', 1, '', 1, 1, '2020-03-02 06:26:05', '2020-03-02 06:26:05'),
(2324, 2, '2021-02-02 00:00:00', 1, '', 1, 1, '2020-03-02 06:26:05', '2020-03-02 06:26:05'),
(2325, 2, '2021-02-03 00:00:00', 1, '', 1, 1, '2020-03-02 06:26:05', '2020-03-02 06:26:05'),
(2326, 2, '2021-02-04 00:00:00', 1, '', 1, 1, '2020-03-02 06:26:05', '2020-03-02 06:26:05'),
(2327, 2, '2021-02-05 00:00:00', 1, '', 1, 1, '2020-03-02 06:26:05', '2020-03-02 06:26:05'),
(2328, 2, '2021-02-06 00:00:00', 1, '', 1, 1, '2020-03-02 06:26:05', '2020-03-02 06:26:05'),
(2329, 2, '2021-02-07 00:00:00', 1, '', 1, 1, '2020-03-02 06:26:05', '2020-03-02 06:26:05'),
(2330, 2, '2021-02-08 00:00:00', 1, '', 1, 1, '2020-03-02 06:26:06', '2020-03-02 06:26:06'),
(2331, 2, '2021-02-09 00:00:00', 1, '', 1, 1, '2020-03-02 06:26:06', '2020-03-02 06:26:06'),
(2332, 2, '2021-02-10 00:00:00', 1, '', 1, 1, '2020-03-02 06:26:06', '2020-03-02 06:26:06'),
(2333, 2, '2021-02-11 00:00:00', 1, '', 1, 1, '2020-03-02 06:26:06', '2020-03-02 06:26:06'),
(2334, 2, '2021-02-12 00:00:00', 1, '', 1, 1, '2020-03-02 06:26:06', '2020-03-02 06:26:06'),
(2335, 2, '2021-02-13 00:00:00', 1, '', 1, 1, '2020-03-02 06:26:06', '2020-03-02 06:26:06'),
(2336, 2, '2021-02-14 00:00:00', 1, '', 1, 1, '2020-03-02 06:26:06', '2020-03-02 06:26:06'),
(2337, 2, '2021-02-15 00:00:00', 1, '', 1, 1, '2020-03-02 06:26:06', '2020-03-02 06:26:06'),
(2338, 2, '2021-02-16 00:00:00', 1, '', 1, 1, '2020-03-02 06:26:07', '2020-03-02 06:26:07'),
(2339, 2, '2021-02-17 00:00:00', 1, '', 1, 1, '2020-03-02 06:26:07', '2020-03-02 06:26:07'),
(2340, 2, '2021-02-18 00:00:00', 1, '', 1, 1, '2020-03-02 06:26:07', '2020-03-02 06:26:07'),
(2341, 2, '2021-02-19 00:00:00', 1, '', 1, 1, '2020-03-02 06:26:07', '2020-03-02 06:26:07'),
(2342, 2, '2021-02-20 00:00:00', 1, '', 1, 1, '2020-03-02 06:26:07', '2020-03-02 06:26:07'),
(2343, 2, '2021-02-21 00:00:00', 1, '', 1, 1, '2020-03-02 06:26:07', '2020-03-02 06:26:07'),
(2344, 2, '2021-02-22 00:00:00', 1, '', 1, 1, '2020-03-02 06:26:07', '2020-03-02 06:26:07'),
(2345, 2, '2021-02-23 00:00:00', 1, '', 1, 1, '2020-03-02 06:26:08', '2020-03-02 06:26:08'),
(2346, 2, '2021-02-24 00:00:00', 1, '', 1, 1, '2020-03-02 06:26:08', '2020-03-02 06:26:08'),
(2347, 2, '2021-02-25 00:00:00', 1, '', 1, 1, '2020-03-02 06:26:08', '2020-03-02 06:26:08'),
(2348, 2, '2021-02-26 00:00:00', 1, '', 1, 1, '2020-03-02 06:26:08', '2020-03-02 06:26:08'),
(2349, 2, '2021-02-27 00:00:00', 1, '', 1, 1, '2020-03-02 06:26:08', '2020-03-02 06:26:08'),
(2350, 2, '2021-02-28 00:00:00', 1, '', 1, 1, '2020-03-02 06:26:08', '2020-03-02 06:26:08'),
(2351, 2, '2021-03-01 00:00:00', 1, '', 1, 1, '2020-03-02 06:26:08', '2020-03-02 06:26:08'),
(2352, 2, '2021-03-02 00:00:00', 1, '', 1, 1, '2020-03-02 06:26:09', '2020-03-02 06:26:09'),
(2353, 2, '2021-03-03 00:00:00', 1, '', 1, 1, '2020-03-02 06:26:09', '2020-03-02 06:26:09'),
(2354, 2, '2021-03-04 00:00:00', 1, '', 1, 1, '2020-03-02 06:26:09', '2020-03-02 06:26:09'),
(2355, 2, '2021-03-05 00:00:00', 1, '', 1, 1, '2020-03-02 06:26:09', '2020-03-02 06:26:09'),
(2356, 2, '2021-03-06 00:00:00', 1, '', 1, 1, '2020-03-02 06:26:09', '2020-03-02 06:26:09'),
(2357, 2, '2021-03-07 00:00:00', 1, '', 1, 1, '2020-03-02 06:26:09', '2020-03-02 06:26:09'),
(2358, 2, '2021-03-08 00:00:00', 1, '', 1, 1, '2020-03-02 06:26:10', '2020-03-02 06:26:10'),
(2359, 2, '2021-03-09 00:00:00', 1, '', 1, 1, '2020-03-02 06:26:10', '2020-03-02 06:26:10'),
(2360, 2, '2021-03-10 00:00:00', 1, '', 1, 1, '2020-03-02 06:26:10', '2020-03-02 06:26:10'),
(2361, 2, '2021-03-11 00:00:00', 1, '', 1, 1, '2020-03-02 06:26:10', '2020-03-02 06:26:10'),
(2362, 2, '2021-03-12 00:00:00', 1, '', 1, 1, '2020-03-02 06:26:10', '2020-03-02 06:26:10'),
(2363, 2, '2021-03-13 00:00:00', 1, '', 1, 1, '2020-03-02 06:26:10', '2020-03-02 06:26:10'),
(2364, 2, '2021-03-14 00:00:00', 1, '', 1, 1, '2020-03-02 06:26:11', '2020-03-02 06:26:11'),
(2365, 2, '2021-03-15 00:00:00', 1, '', 1, 1, '2020-03-02 06:26:11', '2020-03-02 06:26:11'),
(2366, 2, '2021-03-16 00:00:00', 1, '', 1, 1, '2020-03-02 06:26:11', '2020-03-02 06:26:11'),
(2367, 2, '2021-03-17 00:00:00', 1, '', 1, 1, '2020-03-02 06:26:11', '2020-03-02 06:26:11'),
(2368, 2, '2021-03-18 00:00:00', 1, '', 1, 1, '2020-03-02 06:26:11', '2020-03-02 06:26:11'),
(2369, 2, '2021-03-19 00:00:00', 1, '', 1, 1, '2020-03-02 06:26:11', '2020-03-02 06:26:11'),
(2370, 2, '2021-03-20 00:00:00', 1, '', 1, 1, '2020-03-02 06:26:12', '2020-03-02 06:26:12'),
(2371, 2, '2021-03-21 00:00:00', 1, '', 1, 1, '2020-03-02 06:26:12', '2020-03-02 06:26:12'),
(2372, 2, '2021-03-22 00:00:00', 1, '', 1, 1, '2020-03-02 06:26:12', '2020-03-02 06:26:12'),
(2373, 2, '2021-03-23 00:00:00', 1, '', 1, 1, '2020-03-02 06:26:12', '2020-03-02 06:26:12'),
(2374, 2, '2021-03-24 00:00:00', 1, '', 1, 1, '2020-03-02 06:26:12', '2020-03-02 06:26:12'),
(2375, 2, '2021-03-25 00:00:00', 1, '', 1, 1, '2020-03-02 06:26:12', '2020-03-02 06:26:12'),
(2376, 2, '2021-03-26 00:00:00', 1, '', 1, 1, '2020-03-02 06:26:13', '2020-03-02 06:26:13'),
(2377, 2, '2021-03-27 00:00:00', 1, '', 1, 1, '2020-03-02 06:26:13', '2020-03-02 06:26:13'),
(2378, 2, '2021-03-28 00:00:00', 1, '', 1, 1, '2020-03-02 06:26:13', '2020-03-02 06:26:13'),
(2379, 2, '2021-03-29 00:00:00', 1, '', 1, 1, '2020-03-02 06:26:13', '2020-03-02 06:26:13'),
(2380, 2, '2021-03-30 00:00:00', 1, '', 1, 1, '2020-03-02 06:26:13', '2020-03-02 06:26:13'),
(2381, 2, '2021-03-31 00:00:00', 1, '', 1, 1, '2020-03-02 06:26:14', '2020-03-02 06:26:14'),
(2382, 2, '2021-04-01 00:00:00', 1, '', 1, 1, '2020-03-02 06:26:14', '2020-03-02 06:26:14'),
(2383, 2, '2021-04-02 00:00:00', 1, '', 1, 1, '2020-03-02 06:26:14', '2020-03-02 06:26:14'),
(2384, 2, '2021-04-03 00:00:00', 1, '', 1, 1, '2020-03-02 06:26:14', '2020-03-02 06:26:14'),
(2385, 2, '2021-04-04 00:00:00', 1, '', 1, 1, '2020-03-02 06:26:14', '2020-03-02 06:26:14'),
(2386, 2, '2021-04-05 00:00:00', 1, '', 1, 1, '2020-03-02 06:26:15', '2020-03-02 06:26:15'),
(2387, 2, '2021-04-06 00:00:00', 1, '', 1, 1, '2020-03-02 06:26:15', '2020-03-02 06:26:15'),
(2388, 2, '2021-04-07 00:00:00', 1, '', 1, 1, '2020-03-02 06:26:15', '2020-03-02 06:26:15'),
(2389, 2, '2021-04-08 00:00:00', 1, '', 1, 1, '2020-03-02 06:26:15', '2020-03-02 06:26:15'),
(2390, 2, '2021-04-09 00:00:00', 1, '', 1, 1, '2020-03-02 06:26:15', '2020-03-02 06:26:15'),
(2391, 2, '2021-04-10 00:00:00', 1, '', 1, 1, '2020-03-02 06:26:16', '2020-03-02 06:26:16'),
(2392, 2, '2021-04-11 00:00:00', 1, '', 1, 1, '2020-03-02 06:26:16', '2020-03-02 06:26:16'),
(2393, 2, '2021-04-12 00:00:00', 1, '', 1, 1, '2020-03-02 06:26:16', '2020-03-02 06:26:16'),
(2394, 2, '2021-04-13 00:00:00', 1, '', 1, 1, '2020-03-02 06:26:16', '2020-03-02 06:26:16'),
(2395, 2, '2021-04-14 00:00:00', 1, '', 1, 1, '2020-03-02 06:26:16', '2020-03-02 06:26:16'),
(2396, 2, '2021-04-15 00:00:00', 1, '', 1, 1, '2020-03-02 06:26:17', '2020-03-02 06:26:17'),
(2397, 2, '2021-04-16 00:00:00', 1, '', 1, 1, '2020-03-02 06:26:17', '2020-03-02 06:26:17'),
(2398, 2, '2021-04-17 00:00:00', 1, '', 1, 1, '2020-03-02 06:26:17', '2020-03-02 06:26:17'),
(2399, 2, '2021-04-18 00:00:00', 1, '', 1, 1, '2020-03-02 06:26:17', '2020-03-02 06:26:17'),
(2400, 2, '2021-04-19 00:00:00', 1, '', 1, 1, '2020-03-02 06:26:17', '2020-03-02 06:26:17'),
(2401, 2, '2021-04-20 00:00:00', 1, '', 1, 1, '2020-03-02 06:26:18', '2020-03-02 06:26:18'),
(2402, 2, '2021-04-21 00:00:00', 1, '', 1, 1, '2020-03-02 06:26:18', '2020-03-02 06:26:18'),
(2403, 2, '2021-04-22 00:00:00', 1, '', 1, 1, '2020-03-02 06:26:18', '2020-03-02 06:26:18'),
(2404, 2, '2021-04-23 00:00:00', 1, '', 1, 1, '2020-03-02 06:26:18', '2020-03-02 06:26:18'),
(2405, 2, '2021-04-24 00:00:00', 1, '', 1, 1, '2020-03-02 06:26:19', '2020-03-02 06:26:19'),
(2406, 2, '2021-04-25 00:00:00', 1, '', 1, 1, '2020-03-02 06:26:19', '2020-03-02 06:26:19'),
(2407, 2, '2021-04-26 00:00:00', 1, '', 1, 1, '2020-03-02 06:26:19', '2020-03-02 06:26:19'),
(2408, 2, '2021-04-27 00:00:00', 1, '', 1, 1, '2020-03-02 06:26:19', '2020-03-02 06:26:19'),
(2409, 2, '2021-04-28 00:00:00', 1, '', 1, 1, '2020-03-02 06:26:20', '2020-03-02 06:26:20'),
(2410, 2, '2021-04-29 00:00:00', 1, '', 1, 1, '2020-03-02 06:26:20', '2020-03-02 06:26:20'),
(2411, 2, '2021-04-30 00:00:00', 1, '', 1, 1, '2020-03-02 06:26:20', '2020-03-02 06:26:20'),
(2412, 2, '2021-05-01 00:00:00', 1, '', 1, 1, '2020-03-02 06:26:20', '2020-03-02 06:26:20'),
(2413, 2, '2021-05-02 00:00:00', 1, '', 1, 1, '2020-03-02 06:26:20', '2020-03-02 06:26:20'),
(2414, 2, '2021-05-03 00:00:00', 1, '', 1, 1, '2020-03-02 06:26:21', '2020-03-02 06:26:21'),
(2415, 2, '2021-05-04 00:00:00', 1, '', 1, 1, '2020-03-02 06:26:21', '2020-03-02 06:26:21'),
(2416, 2, '2021-05-05 00:00:00', 1, '', 1, 1, '2020-03-02 06:26:21', '2020-03-02 06:26:21'),
(2417, 2, '2021-05-06 00:00:00', 1, '', 1, 1, '2020-03-02 06:26:21', '2020-03-02 06:26:21'),
(2418, 2, '2021-05-07 00:00:00', 1, '', 1, 1, '2020-03-02 06:26:22', '2020-03-02 06:26:22'),
(2419, 2, '2021-05-08 00:00:00', 1, '', 1, 1, '2020-03-02 06:26:22', '2020-03-02 06:26:22'),
(2420, 2, '2021-05-09 00:00:00', 1, '', 1, 1, '2020-03-02 06:26:22', '2020-03-02 06:26:22'),
(2421, 2, '2021-05-10 00:00:00', 1, '', 1, 1, '2020-03-02 06:26:22', '2020-03-02 06:26:22'),
(2422, 2, '2021-05-11 00:00:00', 1, '', 1, 1, '2020-03-02 06:26:22', '2020-03-02 06:26:22'),
(2423, 2, '2021-05-12 00:00:00', 1, '', 1, 1, '2020-03-02 06:26:23', '2020-03-02 06:26:23'),
(2424, 2, '2021-05-13 00:00:00', 1, '', 1, 1, '2020-03-02 06:26:23', '2020-03-02 06:26:23'),
(2425, 2, '2021-05-14 00:00:00', 1, '', 1, 1, '2020-03-02 06:26:23', '2020-03-02 06:26:23'),
(2426, 2, '2021-05-15 00:00:00', 1, '', 1, 1, '2020-03-02 06:26:23', '2020-03-02 06:26:23'),
(2427, 2, '2021-05-16 00:00:00', 1, '', 1, 1, '2020-03-02 06:26:24', '2020-03-02 06:26:24'),
(2428, 2, '2021-05-17 00:00:00', 1, '', 1, 1, '2020-03-02 06:26:24', '2020-03-02 06:26:24'),
(2429, 2, '2021-05-18 00:00:00', 1, '', 1, 1, '2020-03-02 06:26:24', '2020-03-02 06:26:24'),
(2430, 2, '2021-05-19 00:00:00', 1, '', 1, 1, '2020-03-02 06:26:24', '2020-03-02 06:26:24'),
(2431, 2, '2021-05-20 00:00:00', 1, '', 1, 1, '2020-03-02 06:26:24', '2020-03-02 06:26:24'),
(2432, 2, '2021-05-21 00:00:00', 1, '', 1, 1, '2020-03-02 06:26:25', '2020-03-02 06:26:25'),
(2433, 2, '2021-05-22 00:00:00', 1, '', 1, 1, '2020-03-02 06:26:25', '2020-03-02 06:26:25'),
(2434, 2, '2021-05-23 00:00:00', 1, '', 1, 1, '2020-03-02 06:26:25', '2020-03-02 06:26:25'),
(2435, 2, '2021-05-24 00:00:00', 1, '', 1, 1, '2020-03-02 06:26:25', '2020-03-02 06:26:25'),
(2436, 2, '2021-05-25 00:00:00', 1, '', 1, 1, '2020-03-02 06:26:26', '2020-03-02 06:26:26'),
(2437, 2, '2021-05-26 00:00:00', 1, '', 1, 1, '2020-03-02 06:26:26', '2020-03-02 06:26:26'),
(2438, 18, '2021-05-25 00:00:00', 1, '', 1, 1, '2020-03-03 04:02:05', '2020-03-03 04:02:05'),
(2439, 18, '2021-05-26 00:00:00', 1, '', 1, 1, '2020-03-03 04:02:06', '2020-03-03 04:02:06'),
(2440, 18, '2021-05-27 00:00:00', 1, '', 1, 1, '2020-03-03 04:02:06', '2020-03-03 04:02:06');

-- --------------------------------------------------------

--
-- Table structure for table `owner_info`
--

CREATE TABLE `owner_info` (
  `owner_id` int(11) NOT NULL,
  `owner_name` varchar(255) DEFAULT NULL,
  `owner_surname` varchar(255) DEFAULT NULL,
  `owner_phone` varchar(255) DEFAULT NULL,
  `owner_email` varchar(255) DEFAULT NULL,
  `owner_doorno` varchar(255) DEFAULT NULL,
  `owner_street` varchar(255) DEFAULT NULL,
  `owner_city` varchar(255) DEFAULT NULL,
  `owner_postalcode` varchar(255) DEFAULT NULL,
  `owner_country` varchar(255) DEFAULT 'France',
  `gender` varchar(255) DEFAULT NULL,
  `password` text,
  `percentage` varchar(255) DEFAULT NULL,
  `status` int(11) DEFAULT '1',
  `created_at` datetime NOT NULL DEFAULT CURRENT_TIMESTAMP,
  `modified_at` datetime NOT NULL DEFAULT CURRENT_TIMESTAMP
) ENGINE=InnoDB DEFAULT CHARSET=latin1;

--
-- Dumping data for table `owner_info`
--

INSERT INTO `owner_info` (`owner_id`, `owner_name`, `owner_surname`, `owner_phone`, `owner_email`, `owner_doorno`, `owner_street`, `owner_city`, `owner_postalcode`, `owner_country`, `gender`, `password`, `percentage`, `status`, `created_at`, `modified_at`) VALUES
(13, 'raja', NULL, '9500800200', 'vinoth@coralmint.in', '1511', 'sam streets1', 'France', '5050001', 'France', NULL, '123', '25', 1, '2020-01-29 02:27:16', '2020-03-03 10:12:47'),
(20, 'vigneshiCal', NULL, '09500702676', 'hari@gmail.com', '7 Bharathi street,Ellaipillaichavady, PUDUCHERRY', '7 Bharathi street,Ellaipillaichavady, PUDUCHERRY', 'France', '605005', 'France', 'male', '123', '25', 1, '2020-01-30 06:52:56', '2020-03-02 06:28:32'),
(21, 'vignesh22', NULL, '9500700240', 'vinoth@coralmint.in1', '7 Bharathi street,Ellaipillaichavady, PUDUCHERRY', '7 Bharathi street,Ellaipillaichavady, PUDUCHERRY', 'France', '605005', 'France', 'male', '123', '20', 1, '2020-01-30 13:25:19', '2020-02-28 16:24:24'),
(23, 'nancyvicky', NULL, '08608040171', 'vikram3vpm@gmail.com', 'No.4/507 Kalaivanan Nagar, Gorimadu, Pattanur', 'No.4/507 Kalaivanan Nagar, Gorimadu, Pattanur', 'Puducherry', '605111', 'France', NULL, NULL, '20', 1, '2020-02-01 09:45:25', '2020-02-01 09:45:25'),
(30, 'OUSS', NULL, '0699715745', 'oly@stephaneplazaimmobilier.com', '22', 'Rue d\'Ariane', 'Chessy', '77700', 'France', NULL, '12345', '20', 1, '2020-02-12 00:02:32', '2020-02-13 10:41:34'),
(32, 'cmt test vinoth1', NULL, '9791897552', 'lee.vino13@gmail.com', '152', 'barathi street', 'France', '6500505', 'France', NULL, '123', '20', 1, '2020-02-13 11:21:27', '2020-02-13 12:03:05'),
(33, 'Jerome', NULL, '0786033099', 'jbenichou@stephaneplazaimmobilier.com', '3', 'Alle de dublin', 'Montevrain', '77124', 'France', NULL, 'azerty', '20', 1, '2020-02-18 14:42:52', '2020-02-18 14:44:53'),
(34, 'nancy suja', 'scSCEF1efwe', '123123123`123', 'wefSCscq@gmail.com', '`12', '`123saxcavwvwdv', 'France', '67980', 'France', NULL, '123123', '20', 1, '2020-02-24 06:52:59', '2020-02-24 06:53:39'),
(35, 'priyaji', 'ravi 11', '97918975521', 'priyaji@coralmint.in', '7 Bharathi street,Ellaipillaichavady, PUDUCHERRY', '7 Bharathi street,Ellaipillaichavady, PUDUCHERRY', 'France', '605005', 'France', NULL, '97918975521', '20', 1, '2020-02-24 09:23:49', '2020-02-24 09:24:15'),
(36, 'nancy', 'suja', '131334,,,,1242', 'suja@gmail.com', '12', '12,afadfawefdcascwe', 'France', '605007', 'France', NULL, '131334,,,,1242', '20', 1, '2020-02-24 10:50:54', '2020-02-26 12:21:01'),
(37, 'dvhrdb', 'sdvhwbrh', '2346235', 'suja', 'stvevt56', 'v45yvy46b', '@#@!', 'vcfgvd', 'France', NULL, '2346235', '20', 1, '2020-02-24 14:15:44', '2020-02-24 14:15:44'),
(38, 'nnn', 'nnn', '23124', 'nancy2012.n@gmail.com', '34', 'w3kjkjvkvk', 'jbkjkjkgb,kgb', '65865', 'France', NULL, '23124', '20', 1, '2020-02-24 14:19:32', '2020-02-24 14:24:56'),
(39, 'tytlm;', 'jhhn;lkm;l', '23124345;m;mn;n', 'nancy@gmail.com', '34lkn', 'w3kjkjvkvk;lkjmk', 'Francelknl', '65865kjb90', 'France', NULL, '23124345', '20', 1, '2020-02-24 14:37:09', '2020-02-24 14:44:09'),
(40, 'ROZI', 'ROZI', '09900000000', 'ymontmorency@gmail.com', '123', '123', 'france', '77144', 'France', NULL, '09900000000', '25', 1, '2020-02-25 22:09:38', '2020-03-27 11:30:18'),
(41, 'nancy', 'suja', '8220696863', 'sujanancy@coralmint.in', '21', 'white town', 'pondicherry', '605009', 'France', NULL, 'jmjssilu', '20', 1, '2020-02-26 07:16:41', '2020-02-26 07:34:34'),
(42, 'nancy y', 'suja', '9894652128', 'bhavithra.t@gmail.com', '22', 'white town', 'France', '605007', 'France', NULL, '123', '20', 1, '2020-02-26 12:07:37', '2020-02-26 15:05:12'),
(43, 'suje', 'joseph', '8220696861', 'prahatheeswaran26@gmail.com', '22', 'white town', 'France', '605009', 'France', NULL, '8220696866', '25', 1, '2020-02-26 13:01:28', '2020-03-10 14:45:25'),
(44, 'vignesh', 'vignesh', '11221122', 'hari11@gmail.com', '55', '7 Bharathi street,Ellaipillaichavady', 'France', '605005', 'France', NULL, '11221122', '30', 1, '2020-02-28 19:05:07', '2020-02-28 19:14:53'),
(45, 'eniya', 'ryan', '8220696863', 'eniyaryan@gmail.com', '12', '5,CAPICIAN STREET,ARIYANKUPPAM', 'pondicherry', 'XXXXXX', 'France', NULL, '8220696863', '30', 1, '2020-03-03 06:39:59', '2020-03-26 05:13:47'),
(46, 'geeve', 'sunitha', '123456', 'geeve@gmail.com', '248', 'bharathi street', 'France', '605', 'France', NULL, '123456', '25', 1, '2020-03-05 11:23:40', '2020-03-05 11:27:10'),
(47, 'ramesh', 'senthil', '1234568789', 'syletjenitha19@gmail.com', '245', 'jesus street', 'anaiyeri', '605 201', 'France', NULL, '123456', '30', 1, '2020-03-05 12:05:06', '2020-03-05 12:24:30'),
(48, 'seelima', 'jas', '654123', 'jenitha@coralmint.in', '456', 'thiruvalluvar street', 'France', '605005', 'France', NULL, '1234', '30', 1, '2020-03-06 05:40:56', '2020-03-06 09:14:02'),
(50, 'meenatchi', 'meena', '947442666', 'vignesh2676@gmail.com', '2', 'kollidam', 'kollidam', '209109', 'France', NULL, '3210', '30', 1, '2020-03-06 10:37:40', '2020-03-23 06:17:27'),
(51, 'arun', 'kumer', '9988776655', 'vignesh@coralmint.in', '3', '2nd', 'kollidam', '609102', 'France', NULL, '9988776655', '25', 1, '2020-03-23 06:18:42', '2020-03-23 06:18:42'),
(52, 'ALL', 'Stars', '699715745', 'weuzly@gmail.com', '23', 'Rue D\'Ariane', 'CHESSY', '77700', 'France', NULL, '123456', '25', 1, '2020-04-01 09:37:40', '2020-04-01 09:59:50');

-- --------------------------------------------------------

--
-- Table structure for table `password_resets`
--

CREATE TABLE `password_resets` (
  `email` varchar(191) COLLATE utf8_unicode_ci NOT NULL,
  `token` varchar(191) COLLATE utf8_unicode_ci NOT NULL,
  `created_at` timestamp NULL DEFAULT NULL
) ENGINE=InnoDB DEFAULT CHARSET=utf8 COLLATE=utf8_unicode_ci;

--
-- Dumping data for table `password_resets`
--

INSERT INTO `password_resets` (`email`, `token`, `created_at`) VALUES
('kedar.nath.thakur@gmail.com', '$2y$10$jXdxYyh9UUBPlA6nfc8Nv.ibvFFPh5ihNIZFiIBabXaakp.kYlWfq', '2019-07-03 16:46:29'),
('syletjenitha19@gmail.com', '$2y$10$xvKWV8OXK61SrbuxGdFa6uMWYqbe3DUtM7EW/4ajDSll0Wk./I.Mq', '2019-07-11 10:25:45'),
('bhavithra.t@gmail.com', '$2y$10$W2lSfWvZn8ugw8NCdWB39eXlP1HupeMKqpZYSJHOKzbx9UrkElzkW', '2020-02-05 08:45:56'),
('ymontmorency@gmail.com', '$2y$10$wOVoSJSjBz.WA6YRjpj6telXRUmxg6pwwVTbtJxZLIua6OiTNRPa2', '2020-02-25 22:13:58'),
('vinoth@coralmint.in', '$2y$10$dnp3gQ5LaLL96a7jNl6Ki.lJ1Q4RWZk1sl33SCtwfL/rsJ6/Vks2e', '2020-02-29 11:19:29');

-- --------------------------------------------------------

--
-- Table structure for table `property`
--

CREATE TABLE `property` (
  `property_id` int(11) NOT NULL,
  `owner_id` int(11) DEFAULT NULL,
  `property_name` varchar(255) DEFAULT NULL,
  `room_type` varchar(255) DEFAULT NULL,
  `room_count` varchar(255) DEFAULT NULL,
  `property_doorno` varchar(255) DEFAULT NULL,
  `property_street_name` varchar(255) DEFAULT NULL,
  `property_postalcode` varchar(255) DEFAULT NULL,
  `property_city` varchar(255) DEFAULT NULL,
  `property_country` varchar(255) NOT NULL DEFAULT 'france',
  `property_floor` varchar(255) DEFAULT NULL,
  `property_type` varchar(255) DEFAULT NULL,
  `property_age` varchar(255) DEFAULT NULL,
  `property_state` varchar(255) DEFAULT NULL,
  `property_area_spft` varchar(255) DEFAULT NULL,
  `total_area_of_property` varchar(255) DEFAULT NULL,
  `property_rent` varchar(255) DEFAULT NULL,
  `percentage` varchar(255) DEFAULT NULL,
  `access_code` varchar(255) DEFAULT NULL,
  `agreement_start_date` varchar(255) DEFAULT NULL,
  `agreement_end_date` varchar(255) DEFAULT NULL,
  `ical_link` varchar(255) DEFAULT NULL,
  `status` int(11) DEFAULT '1',
  `created_at` datetime DEFAULT CURRENT_TIMESTAMP,
  `modified_at` datetime DEFAULT CURRENT_TIMESTAMP
) ENGINE=InnoDB DEFAULT CHARSET=latin1;

--
-- Dumping data for table `property`
--

INSERT INTO `property` (`property_id`, `owner_id`, `property_name`, `room_type`, `room_count`, `property_doorno`, `property_street_name`, `property_postalcode`, `property_city`, `property_country`, `property_floor`, `property_type`, `property_age`, `property_state`, `property_area_spft`, `total_area_of_property`, `property_rent`, `percentage`, `access_code`, `agreement_start_date`, `agreement_end_date`, `ical_link`, `status`, `created_at`, `modified_at`) VALUES
(2, 20, 'aruna apartments', '3bhk', '3', '88', 'No.4/507 Kalaivanan Nagar, Gorimadu, Pattanur', '605111', 'France', 'Puducherry', NULL, 'Apartment', '5', 'finished', '1000', '900', '500', NULL, '789', '2019/03/01', '2020/02/29', 'https://wubook.net/wbkd/ical/ics-59206-068c5f3176600947627bbedaf7a2411d.ics', 1, '2020-01-29 11:37:39', '2020-03-02 06:28:04'),
(3, 20, 'testvicky', '5BHK', '4', '25', 'No.4/507 Kalaivanan Nagar, Gorimadu, Pattanur', '605111', NULL, 'Puducherry', NULL, 'Villa', '45', 'on process', '35', '25', '500', '30%', NULL, NULL, NULL, 'https://wubook.net/wbkd/ical/ics-59206-068c5f3176600947627bbedaf7a2411d.ics', NULL, '2020-01-30 09:28:12', '2020-01-30 09:28:12'),
(15, 20, 'property home', '3BHK', '4', '80', 'mass', '250042', 'masscity', 'france', NULL, 'Apartment', '40', 'Select Type', '2500', '1200', '500', '20%', '2503', '2020/02/07', '2020/02/12', 'https://wubook.net/wbkd/ical/ics-59206-068c5f3176600947627bbedaf7a2411d.ics', NULL, '2020-02-03 13:04:41', '2020-02-03 13:04:41'),
(16, 20, 'property home', '3BHK', '4', '80', 'mass', '250042', 'masscity', 'france', NULL, 'Apartment', '40', 'Select Type', '2500', '1200', '500', '20%', '2503', '2020/02/07', '2020/02/12', 'https://wubook.net/wbkd/ical/ics-59206-3cdf072b3eaf9713710e2b6f788fc575.ics', NULL, '2020-02-03 13:06:34', '2020-02-03 13:06:34'),
(17, 25, 'YVES_APPART', '2BHK', '1', '12', 'rue de l\'eglise', '77144', 'MONTEVRAIN', 'france', NULL, 'Apartment', '15', 'Completed', '1000', '900', '500', '30', '123555', '2020/02/25', '2021/02/25', 'https://wubook.net/wbkd/ical/ics-59206-3cdf072b3eaf9713710e2b6f788fc575.ics', 1, '2020-02-03 13:20:41', '2020-02-03 13:20:41'),
(18, 13, 'Plaza Danube 01', '2BHK', '2', '13', 'Cours du Danube', '77700', 'Serris', 'france', NULL, 'Apartment', '5', 'Completed', '100', '100', '220', NULL, '123', '2020/02/01', '2020/02/29', 'https://wubook.net/wbkd/ical/ics-59206-4287d75f127ac166c1d398928c0dd06b.ics', 1, '2020-02-03 13:40:35', '2020-03-11 10:21:43'),
(19, 42, 'prop_name', '3BHK', '2', '121', 'paris street', '605005', 'PUDUCHERRY', 'france', NULL, 'Apartment', '5', 'On Process', '2300', '1300', '500', NULL, '321', '2020/02/01', '2020/02/20', 'https://wubook.net/wbkd/ical/ics-59206-3cdf072b3eaf9713710e2b6f788fc575.ics', 1, '2020-02-04 17:33:27', '2020-03-05 12:54:52'),
(20, 13, 'prop_name2', '3BHK', '1', '252', 'street', '654321', 'paris', 'france', NULL, 'Villa', '35', 'On Process', '1400', '600', '510', NULL, '465', '2020/01/28', '2020/02/04', 'https://wubook.net/wbkd/ical/ics-59206-3cdf072b3eaf9713710e2b6f788fc575.ics', 1, '2020-02-04 17:36:26', '2020-03-04 06:17:27'),
(21, 13, 'test prop', '3BHK', '1', '4654', '7 Bharathi street,Ellaipillaichavady, PUDUCHERRY', '605005', 'PUDUCHERRY', 'france', NULL, 'Apartment', '60', 'Completed', '2800', '6000', '500', NULL, 'dfg', '2020/02/18', '2020/02/25', 'https://wubook.net/wbkd/ical/ics-59206-3cdf072b3eaf9713710e2b6f788fc575.ics', 1, '2020-02-04 17:40:18', '2020-03-04 06:53:10'),
(22, 26, 'Plaza Nations 01', '2BHK', '1', '8', 'Avenue de la Socit des Nations', '77144', 'Montvrain', 'france', NULL, 'Apartment', '5', 'Completed', '100', '200', '500', '25', '875465', '2020/02/01', '2021/01/31', 'https://wubook.net/wbkd/ical/ics-59206-3cdf072b3eaf9713710e2b6f788fc575.ics', 1, '2020-02-05 08:53:54', '2020-02-05 08:53:54'),
(23, 32, 'sam garden', '2BHK', '2', '25', 'barathi street', '650050', 'paris', 'france', NULL, 'Apartment', '10', 'On Process', '300', '300', '500', '30', '6555', '2020/02/01', '2021/02/01', 'https://wubook.net/wbkd/ical/ics-59206-3cdf072b3eaf9713710e2b6f788fc575.ics', 1, '2020-02-13 12:30:01', '2020-02-13 12:30:01'),
(24, 13, 'coral props', '2BHK', '2', '167', 'CMT street', '605111', 'paris', 'france', NULL, 'Villa', '10', 'Completed', '500', '500', '500', '25', '6565', '2020/02/01', '2020/03/31', 'https://wubook.net/wbkd/ical/ics-59206-3cdf072b3eaf9713710e2b6f788fc575.ics', 1, '2020-02-18 05:29:06', '2020-02-18 05:29:06'),
(25, 13, '212sams apartments', '3BHK', '2', '212', 'No.4/507 Kalaivanan Nagar, Gorimadu, Pattanur', '605111', 'Puducherry', 'france', NULL, 'Apartment', '30', 'Completed', '2300', '1600', '500', '30', '55558', '2020/02/13', '2020/02/29', 'https://wubook.net/wbkd/ical/ics-59206-3cdf072b3eaf9713710e2b6f788fc575.ics', 1, '2020-02-21 11:49:41', '2020-02-21 11:49:41'),
(26, 13, 'n farmhouse', '5BHK', 'Select Room', '22', 'sdDSd', 'asD12343', 'WQxQEF134', 'france', NULL, 'Apartment', '30', 'Select Type', '4200', '2900', 'QWD', '30', '2134ASDF', '2020/02/19', '2021/02/02', 'QQQQQQ', 0, '2020-02-24 17:30:40', '2020-02-24 17:56:10'),
(27, 38, 'jjjjj', 'Select Type', '4', '456', 'dydgnvgjmk', '575865', 'pondy', 'france', NULL, 'Apartment', '10', 'Completed', '4300', '3600', '10000', '25', '456', '2020/02/17', '2020/02/18', 'wbx4y4bx5r', 1, '2020-02-24 18:24:15', '2020-02-24 18:24:15'),
(28, 40, 'REGLISE', '2BHK', 'Select Room', '123', '4555', '77144', 'France', 'france', NULL, 'Apartment', '10', 'Completed', '920', '1040', '650', '25', '1234', '2020/02/28', '2021/03/04', 'ical/', 1, '2020-02-25 22:12:33', '2020-02-25 22:12:33'),
(29, 43, 'land farm', '5BHK', '5', '44', 'lawspet', '6050077', 'pondicherry', 'france', NULL, 'Villa', '5', 'Completed', '3540', '2720', '10000', NULL, '7865', '2020/02/18', '2020/02/18', 'vkhgfkutfy', 0, '2020-02-26 13:10:11', '2020-03-03 05:44:29'),
(30, 13, 'homify', '5BHK', '5', '44', 'lawspet', '605008', 'pondicherry', 'france', NULL, 'Apartment', '5', 'Completed', '520', '1040', '10000', '25', '234', '2020/02/12', '2020/02/29', 'vkhgfkutfy', 1, '2020-02-26 14:26:33', '2020-02-26 14:26:33'),
(31, 13, 'property for notification', '2BHK', '2', '25', 'bharathi street', '605005', 'PUDUCHERRY', 'france', NULL, 'Apartment', '20', 'Completed', '130', '30', '500', NULL, '25', '2020/02/01', '2020/02/29', 'ical_link', 1, '2020-02-28 18:48:06', '2020-02-28 18:52:34'),
(32, 41, 'jjj', '2BHK', '2', '11', 'capician', '605007', 'pondicherry', 'france', NULL, 'Apartment', '10', 'Completed', '1670', '2150', '2000', NULL, '8765588', '2020/03/04', '2020/03/31', '8486biugi', 1, '2020-03-03 04:08:47', '2020-03-03 04:08:47'),
(33, 41, 'jjj', '2BHK', '2', '11', 'capician', '605007', 'pondicherry', 'france', NULL, 'Apartment', '10', 'Completed', '1670', '2150', '2000', NULL, '8765588', '2020/03/04', '2020/03/31', '8486biugi', 1, '2020-03-03 04:08:47', '2020-03-03 04:08:47'),
(34, 13, 'newpondytest', '4BHK', '5', '5', 'yena tharanum', '00000', 'thara mudiyathu', 'france', NULL, 'Villa', '5', 'Completed', '2500', '1190', '200', NULL, '010101', '2020/03/04', '2020/03/09', 'wewewe', 0, '2020-03-03 11:53:38', '2020-03-03 12:08:38'),
(35, 47, 'villupuram resort', '5BHK', '4', '456', 'kuzhathai yesu street', '605201', 'anaiyeri', 'france', NULL, 'Villa', '75', 'On Process', '5680', '4320', '450000', NULL, '4568', '2020/03/24', '2020/03/28', 'www.rent.com', 1, '2020-03-05 13:24:09', '2020-03-05 13:24:09'),
(36, 48, 'gingee resort', '4BHK', '4', '456', 'valavanur street', '4625', 'sathiyamagalam', 'france', NULL, 'Apartment', '40', 'Completed', '6430', '4360', '80000', NULL, '987564', '2020/03/25', '2020/03/30', 'www.gingee.com', 1, '2020-03-06 06:01:57', '2020-03-06 06:01:57'),
(37, 48, 'thindivbanam', '3BHK', 'Select Room', '789', 'palli street', '605201', 'valathi', 'france', NULL, 'Villa', '60', 'On Process', '4290', '2070', '60000', NULL, '987456', '2020/03/15', '2020/03/20', 'www.valathi.com', 1, '2020-03-06 06:03:48', '2020-03-06 06:03:48'),
(38, 47, 'new prop for add image path', '2BHK', '2', '121', 'street name', '605111', 'Puducherry', 'france', NULL, 'Apartment', '10', 'Completed', '200', '170', '250', NULL, '112', '2020/03/02', '2020/07/03', 'ical_link', 1, '2020-03-06 14:32:10', '2020-03-06 14:32:10'),
(39, 47, 'new prop for add image path', '2BHK', '2', '202', 'No.4/507 Kalaivanan Nagar, Gorimadu, Pattanur', '605111', 'Puducherry', 'france', NULL, 'Villa', '30', 'Completed', '250', '90', '500', NULL, '202', '2020/03/01', '2020/04/04', 'ical_link', 1, '2020-03-06 14:35:04', '2020-03-06 14:35:04'),
(40, 45, 'joe farm house', '4BHK', '5', '111', 'st john', '605007', 'pondicherry', 'france', NULL, 'Apartment', '10', 'On Process', '4200', '3100', '10000', NULL, '600044', '2020/03/11', '2020/03/31', 'jhflyjhfj', 1, '2020-03-10 14:53:31', '2020-03-26 05:57:43'),
(41, 13, 'TEST-1', '2BHK', '2', '121', 'ABC street', '605005', 'paris', 'france', NULL, 'Apartment', '5', 'Completed', '90', '100', '2500', NULL, '1221', '2020/03/01', '2020/03/25', 'icallink.com', 1, '2020-03-30 03:57:13', '2020-03-30 03:57:13'),
(42, 52, 'Kobe', '2BHK', '3', '24', '24 KB ST', '24000', 'KB City', 'france', NULL, 'Villa', '5', 'Completed', '1040', '1690', '24000', NULL, '242424', '2020/03/31', '2020/04/30', '24000', 1, '2020-04-01 09:53:20', '2020-04-01 10:10:35'),
(43, 52, 'Magic J', '4BHK', '5', '32', 'Magic st', '32000', 'Magic City', 'france', NULL, 'Apartment', '10', 'Completed', '520', '1010', '32000', NULL, '32000', '2020/04/01', '2020/04/30', '32000', 1, '2020-04-01 09:55:20', '2020-04-01 10:10:10'),
(44, 52, 'Jordan', '3BHK', '4', '23', 'Jumpman St', '23000', 'Jordan City', 'france', NULL, 'Villa', '5', 'Completed', '1660', '2550', '23000', NULL, '23000', '2020/04/01', '2020/04/30', '23000', 1, '2020-04-01 10:01:52', '2020-04-01 10:37:13');

-- --------------------------------------------------------

--
-- Table structure for table `property_document`
--

CREATE TABLE `property_document` (
  `property_document_id` int(11) NOT NULL,
  `request_id` int(11) DEFAULT NULL,
  `owner_id` int(11) DEFAULT NULL,
  `property_id` int(11) DEFAULT NULL,
  `request_name` varchar(255) DEFAULT NULL,
  `document_type` varchar(255) DEFAULT NULL,
  `due_date` varchar(255) DEFAULT NULL,
  `document_name` varchar(255) DEFAULT NULL,
  `decription` varchar(255) DEFAULT NULL,
  `document_img_name` varchar(255) DEFAULT NULL,
  `document_img_ext` varchar(255) DEFAULT NULL,
  `document_img_tag` varchar(255) DEFAULT NULL,
  `document_img_orginal_name` varchar(255) DEFAULT NULL,
  `document_img_url` varchar(255) DEFAULT NULL,
  `document_img_path` varchar(255) DEFAULT NULL,
  `status` int(11) DEFAULT '0',
  `created_at` datetime NOT NULL DEFAULT CURRENT_TIMESTAMP,
  `modified_at` datetime NOT NULL DEFAULT CURRENT_TIMESTAMP
) ENGINE=InnoDB DEFAULT CHARSET=latin1;

--
-- Dumping data for table `property_document`
--

INSERT INTO `property_document` (`property_document_id`, `request_id`, `owner_id`, `property_id`, `request_name`, `document_type`, `due_date`, `document_name`, `decription`, `document_img_name`, `document_img_ext`, `document_img_tag`, `document_img_orginal_name`, `document_img_url`, `document_img_path`, `status`, `created_at`, `modified_at`) VALUES
(12, 2, 20, NULL, NULL, NULL, NULL, NULL, NULL, 'property_document', 'png', NULL, 'back3.png', 'http://coralmint.in/rental/upload/20/property_document/back3.png', NULL, 0, '2020-02-05 06:58:18', '2020-02-05 06:58:18'),
(13, 2, 20, 0, NULL, NULL, NULL, NULL, NULL, 'property_document', 'jpg', NULL, 'IndianOil_Logo_Fulla.jpg', 'http://coralmint.in/rental/upload/20/property_document/IndianOil_Logo_Fulla.jpg', NULL, 1, '2020-02-05 07:04:42', '2020-02-05 07:04:42'),
(14, 2, 20, 0, NULL, NULL, NULL, NULL, NULL, 'property_document', 'docx', NULL, 'daily update sheet.docx', 'http://coralmint.in/rental/upload/20/property_document/daily update sheet.docx', NULL, 1, '2020-02-05 07:50:13', '2020-02-05 07:50:13'),
(15, 7, 30, 0, NULL, NULL, NULL, NULL, NULL, 'property_document', 'pdf', NULL, '863 - Facture Stierlam.pdf', 'http://coralmint.in/rental/upload/30/property_document/863 - Facture Stierlam.pdf', NULL, 0, '2020-02-13 10:42:38', '2020-02-13 10:42:38'),
(16, 3, 13, 18, NULL, NULL, NULL, NULL, NULL, 'property_document', 'jpeg', NULL, 'default3.jpeg', 'http://coralmint.in/rental/upload/13/property_document/default3.jpeg', NULL, 0, '2020-02-25 11:15:46', '2020-02-25 11:15:46'),
(17, 13, 43, 0, NULL, NULL, NULL, NULL, NULL, 'property_document', 'docx', NULL, 'New Microsoft Office Word Document.docx', 'http://coralmint.in/rental/upload/43/property_document/New Microsoft Office Word Document.docx', NULL, 0, '2020-02-26 13:34:38', '2020-02-26 13:34:38'),
(19, 13, 43, 0, NULL, NULL, NULL, NULL, NULL, 'property_document', 'jpeg', NULL, 'girl_3.jpeg', 'http://coralmint.in/rental/upload/43/property_document/girl_3.jpeg', NULL, 0, '2020-03-03 05:10:45', '2020-03-03 05:10:45'),
(22, 15, 13, 0, NULL, NULL, NULL, NULL, NULL, 'property_document', 'png', NULL, 'nophoto.png', 'http://coralmint.in/rental/upload/13/property_document/nophoto.png', NULL, 0, '2020-03-04 07:13:56', '2020-03-04 07:13:56'),
(23, 16, 13, 0, NULL, NULL, NULL, NULL, NULL, 'property_document', 'jpg', NULL, 'photo-1522708323590-d24dbb6b0267.jpg', 'http://coralmint.in/rental/upload/13/property_document/photo-1522708323590-d24dbb6b0267.jpg', NULL, 0, '2020-03-04 07:18:08', '2020-03-04 07:18:08'),
(24, 16, 13, 0, NULL, NULL, NULL, NULL, NULL, 'property_document', 'png', NULL, 'nophoto.png', 'http://coralmint.in/rental/upload/13/property_document/nophoto.png', NULL, 0, '2020-03-04 07:20:26', '2020-03-04 07:20:26'),
(25, 15, 13, 0, NULL, NULL, NULL, NULL, NULL, 'property_document', 'jpg', NULL, 'download.jpg', 'http://coralmint.in/rental/upload/13/property_document/download.jpg', NULL, 0, '2020-03-04 07:21:47', '2020-03-04 07:21:47'),
(26, 18, 13, 0, NULL, NULL, NULL, NULL, NULL, 'property_document', 'pdf', NULL, 'Rental report (1).pdf', 'http://coralmint.in/rental/upload/13/property_document/Rental report (1).pdf', NULL, 0, '2020-03-04 08:04:38', '2020-03-04 08:04:38'),
(28, 12, 13, 0, NULL, NULL, NULL, NULL, NULL, 'property_document', 'jpg', NULL, 'download.jpg', 'http://coralmint.in/rental/upload/13/property_document/download.jpg', NULL, 0, '2020-03-05 06:41:33', '2020-03-05 06:41:33'),
(29, 16, 13, 0, NULL, NULL, NULL, NULL, NULL, 'property_document', 'png', NULL, 'nophoto.png', 'http://coralmint.in/rental/upload/13/property_document/nophoto.png', NULL, 0, '2020-03-05 06:45:46', '2020-03-05 06:45:46'),
(31, 12, 13, 0, NULL, NULL, NULL, NULL, NULL, 'property_document', 'jpeg', NULL, 'default3.jpeg', 'http://coralmint.in/rental/upload/13/property_document/default3.jpeg', NULL, 0, '2020-03-05 07:09:41', '2020-03-05 07:09:41'),
(32, 15, 13, 0, NULL, NULL, NULL, NULL, NULL, 'property_document', 'jpg', NULL, 'photo-1522708323590-d24dbb6b0267.jpg', 'http://coralmint.in/rental/upload/13/property_document/photo-1522708323590-d24dbb6b0267.jpg', NULL, 0, '2020-03-05 07:10:08', '2020-03-05 07:10:08'),
(33, 19, 47, 0, NULL, NULL, NULL, NULL, NULL, 'property_document', 'png', NULL, 'Android Mobile  1.png', 'http://coralmint.in/rental/upload/47/property_document/Android Mobile  1.png', NULL, 0, '2020-03-05 13:37:20', '2020-03-05 13:37:20'),
(34, 20, 48, 0, NULL, NULL, NULL, NULL, NULL, 'property_document', 'webp', NULL, '2.webp', 'http://coralmint.in/rental/upload/48/property_document/2.webp', NULL, 0, '2020-03-06 09:15:19', '2020-03-06 09:15:19'),
(35, 12, 13, 0, NULL, NULL, NULL, NULL, NULL, 'property_document', 'jpg', NULL, 'download.jpg', 'http://coralmint.in/rental/upload/13/property_document/download.jpg', NULL, 0, '2020-03-09 06:22:37', '2020-03-09 06:22:37'),
(36, 16, 13, 0, NULL, NULL, NULL, NULL, NULL, 'property_document', 'jpeg', NULL, 'default3.jpeg', 'http://coralmint.in/rental/upload/13/property_document/default3.jpeg', NULL, 0, '2020-03-10 07:00:52', '2020-03-10 07:00:52'),
(37, 12, 13, 0, NULL, NULL, NULL, NULL, NULL, 'property_document', 'png', NULL, 'nophoto.png', 'http://coralmint.in/rental/upload/13/property_document/nophoto.png', NULL, 0, '2020-03-10 07:25:15', '2020-03-10 07:25:15'),
(38, 21, 13, 0, NULL, NULL, NULL, NULL, NULL, 'property_document', 'png', NULL, 'nophoto.png', 'http://coralmint.in/rental/upload/13/property_document/nophoto.png', NULL, 0, '2020-03-10 07:29:39', '2020-03-10 07:29:39'),
(39, 21, 13, 0, NULL, NULL, NULL, NULL, NULL, 'property_document', 'jpg', NULL, 'photo-1522708323590-d24dbb6b0267.jpg', 'http://coralmint.in/rental/upload/13/property_document/photo-1522708323590-d24dbb6b0267.jpg', NULL, 0, '2020-03-10 07:30:22', '2020-03-10 07:30:22'),
(40, 21, 13, 0, NULL, NULL, NULL, NULL, NULL, 'property_document', 'jpg', NULL, 'photo-1522708323590-d24dbb6b0267.jpg', 'http://coralmint.in/rental/upload/13/property_document/photo-1522708323590-d24dbb6b0267.jpg', NULL, 0, '2020-03-10 09:28:23', '2020-03-10 09:28:23'),
(41, 27, 52, 0, NULL, NULL, NULL, NULL, NULL, 'property_document', 'pdf', NULL, '863 - Facture Stierlam.pdf', 'http://coralmint.in/rental/upload/52/property_document/863 - Facture Stierlam.pdf', NULL, 0, '2020-04-03 15:31:32', '2020-04-03 15:31:32');

-- --------------------------------------------------------

--
-- Table structure for table `property_image`
--

CREATE TABLE `property_image` (
  `property_image_id` int(11) NOT NULL,
  `owner_id` int(11) DEFAULT NULL,
  `property_id` int(11) DEFAULT NULL,
  `property_image_name` varchar(255) DEFAULT NULL,
  `image_ext` varchar(255) DEFAULT NULL,
  `image_tag` varchar(255) DEFAULT NULL,
  `image_orginal_name` varchar(255) DEFAULT NULL,
  `image_url` varchar(255) DEFAULT NULL,
  `image_path` varchar(255) DEFAULT NULL,
  `status` int(11) DEFAULT '1',
  `created_at` datetime NOT NULL DEFAULT CURRENT_TIMESTAMP,
  `modified_at` datetime NOT NULL DEFAULT CURRENT_TIMESTAMP
) ENGINE=InnoDB DEFAULT CHARSET=latin1;

--
-- Dumping data for table `property_image`
--

INSERT INTO `property_image` (`property_image_id`, `owner_id`, `property_id`, `property_image_name`, `image_ext`, `image_tag`, `image_orginal_name`, `image_url`, `image_path`, `status`, `created_at`, `modified_at`) VALUES
(52, 13, 18, '13property_img', '06', NULL, 'WhatsApp_Image_2019-07-03_at_08.06.03.jpg', 'http://coralmint.in/rental/upload/13/property_images/WhatsApp_Image_2019-07-03_at_08.06.03.jpg', 'upload/13/property_images/18/', 1, '2020-03-04 05:48:37', '2020-03-04 05:48:37'),
(53, 13, 19, '13property_img', 'jpg', NULL, 'download.jpg', 'http://coralmint.in/rental/upload/13/property_images/download.jpg', 'upload/13/property_images/19/', 1, '2020-03-04 06:15:30', '2020-03-04 06:15:30'),
(54, 13, 20, '13property_img', 'jpg', NULL, 'photo-1522708323590-d24dbb6b0267.jpg', 'http://coralmint.in/rental/upload/13/property_images/photo-1522708323590-d24dbb6b0267.jpg', 'upload/13/property_images/20/', 1, '2020-03-04 06:17:26', '2020-03-04 06:17:26'),
(55, 13, 21, '13property_img', 'jpg', NULL, 'download.jpg', 'http://coralmint.in/rental/upload/13/property_images/download.jpg', 'upload/13/property_images/21/', 1, '2020-03-04 06:53:08', '2020-03-04 06:53:08'),
(56, 42, NULL, '42property_img', 'png', NULL, 'Screenshot_2019-08-16-15-40-35-69.png', 'http://coralmint.in/rental/upload/42/property_images//Screenshot_2019-08-16-15-40-35-69.png', 'upload/42/property_images/', 1, '2020-03-05 12:46:54', '2020-03-05 12:46:54'),
(57, 42, 19, '42property_img', 'png', NULL, 'Android Mobile  2.png', 'http://coralmint.in/rental/upload/42/property_images/Android Mobile  2.png', 'upload/42/property_images/19/', 1, '2020-03-05 12:47:57', '2020-03-05 12:47:57'),
(58, 47, 35, '47property_img', 'png', NULL, 'Screenshot_2019-08-16-15-40-31-31.png', 'http://coralmint.in/rental/upload/47/property_images//Screenshot_2019-08-16-15-40-31-31.png', 'upload/47/property_images/', 1, '2020-03-05 13:24:07', '2020-03-05 13:24:09'),
(59, 48, 36, '48property_img', 'jpg', NULL, '5.jpg', 'http://coralmint.in/rental/upload/48/property_images//5.jpg', 'upload/48/property_images/', 1, '2020-03-06 06:01:29', '2020-03-06 06:01:57'),
(60, 48, 37, '48property_img', 'jpg', NULL, 'unnamed.jpg', 'http://coralmint.in/rental/upload/48/property_images//unnamed.jpg', 'upload/48/property_images/', 1, '2020-03-06 06:03:47', '2020-03-06 06:03:48'),
(62, 47, 35, '47property_img', 'jpg', NULL, 'download.jpg', 'http://coralmint.in/rental/upload/47/property_images/download.jpg', 'upload/47/property_images/35/', 1, '2020-03-06 14:18:11', '2020-03-06 14:18:11'),
(65, 47, 39, '47property_img', 'jpg', NULL, 'photo-1522708323590-d24dbb6b0267.jpg', 'http://coralmint.in/rental/upload/47/property_images//photo-1522708323590-d24dbb6b0267.jpg', 'upload/47/property_images/', 1, '2020-03-06 14:33:58', '2020-03-06 14:35:04'),
(66, 45, 40, '45property_img', 'jpg', NULL, '2to3.jpg', 'http://coralmint.in/rental/upload/45/property_images//2to3.jpg', 'upload/45/property_images/', 1, '2020-03-10 14:53:07', '2020-03-10 14:53:31'),
(67, 45, 40, '45property_img', 'png', NULL, '03.png', 'http://coralmint.in/rental/upload/45/property_images/03.png', 'upload/45/property_images/40/', 1, '2020-03-10 15:02:59', '2020-03-10 15:02:59'),
(71, 13, 18, '13property_img', '06', NULL, 'WhatsApp_Image_2019-07-03_at_08.06.02_1.jpg', 'http://coralmint.in/rental/upload/13/property_images/WhatsApp_Image_2019-07-03_at_08.06.02_1.jpg', 'upload/13/property_images/18/', 1, '2020-03-11 05:17:35', '2020-03-11 05:17:35'),
(72, 45, 40, '45property_img', 'JPG', NULL, 'DSC_0016.JPG', 'http://coralmint.in/rental/upload/45/property_images/DSC_0016.JPG', 'upload/45/property_images/40/', 1, '2020-03-26 05:55:03', '2020-03-26 05:55:03'),
(74, 13, NULL, '13property_img', 'html', NULL, 'mail.html', 'http://coralmint.in/rental/upload/13/property_images//mail.html', 'upload/13/property_images/', 1, '2020-03-27 11:17:29', '2020-03-27 11:17:29'),
(76, 52, 44, '52property_img', '_SS500_', NULL, '91Nd7UQbVaL._SS500_.jpg', 'http://coralmint.in/rental/upload/52/property_images//91Nd7UQbVaL._SS500_.jpg', 'upload/52/property_images/', 1, '2020-04-01 10:01:45', '2020-04-01 10:01:52'),
(77, 52, 43, '52property_img', 'jpg', NULL, 'Magic-Johnson-Michael-Jordan.jpg', 'http://coralmint.in/rental/upload/52/property_images/Magic-Johnson-Michael-Jordan.jpg', 'upload/52/property_images/43/', 1, '2020-04-01 10:03:46', '2020-04-01 10:03:46'),
(78, 52, 42, '52property_img', 'jpg', NULL, '048dcaa6-9da8-422f-a57f-2af33fb7ef3e-sw01_reg_4_1202.jpg', 'http://coralmint.in/rental/upload/52/property_images/048dcaa6-9da8-422f-a57f-2af33fb7ef3e-sw01_reg_4_1202.jpg', 'upload/52/property_images/42/', 1, '2020-04-01 10:05:28', '2020-04-01 10:05:28'),
(79, 52, 44, '52property_img', 'jpg', NULL, 'jordan-dunk.jpg', 'http://coralmint.in/rental/upload/52/property_images/jordan-dunk.jpg', 'upload/52/property_images/44/', 1, '2020-04-01 10:06:42', '2020-04-01 10:06:42');

-- --------------------------------------------------------

--
-- Table structure for table `property_rent`
--

CREATE TABLE `property_rent` (
  `property_rent_id` int(11) NOT NULL,
  `property_id` int(11) DEFAULT NULL,
  `date` varchar(255) DEFAULT NULL,
  `rent` varchar(255) DEFAULT NULL,
  `created_at` datetime NOT NULL DEFAULT CURRENT_TIMESTAMP,
  `modified_at` datetime NOT NULL DEFAULT CURRENT_TIMESTAMP
) ENGINE=InnoDB DEFAULT CHARSET=latin1;

--
-- Dumping data for table `property_rent`
--

INSERT INTO `property_rent` (`property_rent_id`, `property_id`, `date`, `rent`, `created_at`, `modified_at`) VALUES
(12, 18, '2020-02-05', '500', '2020-02-22 06:40:05', '2020-02-22 06:40:05'),
(17, 18, '2020-02-06', '600', '2020-02-24 11:00:41', '2020-02-24 11:00:41'),
(22, 18, '2020-02-09', '500', '2020-02-24 11:06:33', '2020-02-26 01:50:58'),
(23, 18, '2020-02-10', '800', '2020-02-24 11:06:33', '2020-02-24 11:10:53'),
(24, 18, '2020-02-11', '500', '2020-02-24 12:47:18', '2020-02-24 13:06:57'),
(25, 18, '2020-02-04', '1000', '2020-02-24 17:59:46', '2020-02-24 17:59:46'),
(30, 18, '2020-02-14', '250', '2020-02-24 18:38:52', '2020-02-24 18:38:52'),
(34, 18, '2020-02-13', '8000', '2020-02-25 10:43:49', '2020-02-25 10:43:49'),
(36, 18, '2020-02-22', '500', '2020-02-25 10:45:13', '2020-02-25 10:45:13'),
(37, 18, '2020-02-29', '500', '2020-02-25 10:45:25', '2020-02-25 10:45:25'),
(39, 18, '2020-02-12', '450', '2020-02-26 00:59:40', '2020-02-26 00:59:40'),
(40, 18, '2020-02-19', '600', '2020-02-26 01:04:45', '2020-02-26 01:04:45'),
(46, 18, '2020-02-20', '45000', '2020-02-26 01:31:58', '2020-02-26 01:31:58'),
(47, 18, '2020-02-07', '900', '2020-02-26 01:32:30', '2020-02-26 01:32:30'),
(48, 18, '2020-02-15', '900', '2020-02-26 01:32:30', '2020-02-26 01:32:30'),
(56, 18, '2020-02-08', '900', '2020-02-26 01:51:16', '2020-02-26 01:51:16'),
(57, 29, '2020-02-21', '2000', '2020-02-26 13:23:29', '2020-02-26 13:23:29'),
(58, 29, '2020-02-26', '200', '2020-02-26 13:24:15', '2020-02-26 13:24:15'),
(59, 19, '2020-02-21', '500', '2020-02-27 13:00:33', '2020-02-27 13:00:33'),
(60, 19, '2020-02-22', '45000', '2020-02-26 01:31:58', '2020-02-26 01:31:58'),
(61, 31, '2020-02-04', '450', '2020-02-28 18:49:12', '2020-02-28 18:54:48'),
(62, 31, '2020-02-06', '900', '2020-02-28 18:49:32', '2020-02-28 18:49:32'),
(63, 2, '2020-03-11', '1000', '2020-03-02 06:35:20', '2020-03-02 06:35:20'),
(64, 18, '2020-03-03', '300', '2020-03-03 04:00:28', '2020-03-03 04:00:28'),
(65, 31, '2020-03-05', '600', '2020-03-03 04:20:44', '2020-03-03 04:20:44'),
(66, 29, '2020-03-06', '5000', '2020-03-03 04:53:27', '2020-03-03 04:53:27'),
(67, 36, '2020-03-08', '547698', '2020-03-06 06:04:39', '2020-03-06 06:04:39'),
(73, 40, '2020-03-04', '10000', '2020-03-26 06:12:11', '2020-03-26 06:12:11'),
(76, 40, '2020-03-05', '20000', '2020-03-26 06:13:29', '2020-03-26 06:13:29'),
(77, 42, '2020-04-01', '24000', '2020-04-01 10:08:14', '2020-04-01 10:08:14'),
(78, 42, '2020-04-02', '24000', '2020-04-01 10:40:35', '2020-04-01 10:40:35'),
(79, 42, '2020-04-03', '24000', '2020-04-01 10:40:41', '2020-04-01 10:40:41'),
(80, 42, '2020-04-04', '24000', '2020-04-01 10:40:45', '2020-04-01 10:40:45'),
(81, 42, '2020-04-05', '24000', '2020-04-01 10:40:51', '2020-04-01 10:40:51'),
(82, 42, '2020-04-06', '24000', '2020-04-01 10:40:55', '2020-04-01 10:40:55'),
(83, 42, '2020-04-07', '24000', '2020-04-01 10:40:59', '2020-04-01 10:40:59'),
(84, 42, '2020-04-08', '24000', '2020-04-01 10:41:29', '2020-04-01 10:41:29'),
(85, 42, '2020-04-09', '24000', '2020-04-01 10:41:33', '2020-04-01 10:41:33'),
(86, 42, '2020-04-10', '24000', '2020-04-01 10:41:38', '2020-04-01 10:41:38'),
(87, 42, '2020-04-11', '24000', '2020-04-01 10:41:43', '2020-04-01 10:41:43'),
(88, 43, '2020-04-01', '32000', '2020-04-01 10:42:47', '2020-04-01 10:42:47'),
(89, 43, '2020-04-02', '32000', '2020-04-01 10:42:51', '2020-04-01 10:42:51'),
(90, 43, '2020-04-03', '32000', '2020-04-01 10:42:55', '2020-04-01 10:42:55'),
(91, 43, '2020-04-04', '32000', '2020-04-01 10:42:59', '2020-04-01 10:42:59'),
(92, 43, '2020-04-05', '32000', '2020-04-01 10:43:04', '2020-04-01 10:43:04'),
(93, 43, '2020-04-06', '32000', '2020-04-01 10:43:08', '2020-04-01 10:43:08'),
(94, 43, '2020-04-07', '32000', '2020-04-01 10:43:12', '2020-04-01 10:43:12'),
(95, 43, '2020-04-08', '32000', '2020-04-01 10:43:16', '2020-04-01 10:43:16'),
(96, 43, '2020-04-09', '32000', '2020-04-01 10:43:21', '2020-04-01 10:43:21'),
(97, 43, '2020-04-10', '32000', '2020-04-01 10:43:26', '2020-04-01 10:43:26'),
(98, 43, '2020-04-11', '32000', '2020-04-01 10:43:30', '2020-04-01 10:43:30'),
(99, 44, '2020-04-01', '23000', '2020-04-01 10:43:57', '2020-04-01 10:43:57'),
(100, 44, '2020-04-02', '23000', '2020-04-01 10:44:01', '2020-04-01 10:44:01'),
(101, 44, '2020-04-03', '23000', '2020-04-01 10:44:05', '2020-04-01 10:44:05'),
(102, 44, '2020-04-04', '23000', '2020-04-01 10:44:10', '2020-04-01 10:44:10'),
(103, 44, '2020-04-05', '23000', '2020-04-01 10:44:15', '2020-04-01 10:44:15'),
(104, 44, '2020-04-06', '23000', '2020-04-01 10:44:19', '2020-04-01 10:44:19'),
(105, 44, '2020-04-07', '23000', '2020-04-01 10:44:23', '2020-04-01 10:44:23'),
(106, 44, '2020-04-08', '23000', '2020-04-01 10:44:28', '2020-04-01 10:44:28'),
(107, 44, '2020-04-09', '23000', '2020-04-01 10:44:33', '2020-04-01 10:44:33'),
(108, 44, '2020-04-10', '23000', '2020-04-01 10:44:39', '2020-04-01 10:44:39'),
(109, 44, '2020-04-11', '23000', '2020-04-01 10:44:43', '2020-04-01 10:44:43');

-- --------------------------------------------------------

--
-- Table structure for table `request_info`
--

CREATE TABLE `request_info` (
  `request_info_id` int(11) NOT NULL,
  `owner_id` int(11) DEFAULT NULL,
  `property_id` int(11) DEFAULT NULL,
  `request_name` varchar(255) DEFAULT NULL,
  `document_type` varchar(255) DEFAULT NULL,
  `due_date` varchar(255) DEFAULT NULL,
  `comments` text,
  `status` int(11) DEFAULT '0' COMMENT '0 = open; 1 = close;',
  `created_at` datetime DEFAULT CURRENT_TIMESTAMP,
  `modified_at` datetime DEFAULT NULL
) ENGINE=MyISAM DEFAULT CHARSET=latin1;

--
-- Dumping data for table `request_info`
--

INSERT INTO `request_info` (`request_info_id`, `owner_id`, `property_id`, `request_name`, `document_type`, `due_date`, `comments`, `status`, `created_at`, `modified_at`) VALUES
(3, 13, 18, 'vignesh1', 'Insurance certificate', '29/02/2020', 'edsc1', 1, '2020-02-04 17:02:12', '2020-03-11 12:20:02'),
(2, 20, 0, 'vignesh', 'Insurance certificate', '04/02/2020', 'desc', 0, '2020-02-04 16:36:27', '2020-02-25 05:49:02'),
(5, 26, 0, 'ID Proof', 'Id card', '14/02/2020', 'Please upload ID proof', 0, '2020-02-05 08:54:52', NULL),
(4, 13, 18, 'Id Proof', 'Id card', '13/02/2020', 'asdfadf', 1, '2020-02-05 07:30:34', '2020-03-02 06:31:47'),
(6, 26, 22, 'Add furniture purchase invoice', 'Furniture purchase invoice', '20/02/2020', 'Please upload furniture purchase invoice', 0, '2020-02-05 08:55:28', NULL),
(7, 30, 0, 'Certificat Assurance', 'Insurance certificate', '12/02/2020', 'please send us the document requested for the update', 0, '2020-02-12 00:08:32', NULL),
(8, 34, 0, 'JOHN', 'Id card', '11/08/2020', 'SDVwsg arwgrh', 0, '2020-02-24 15:12:52', NULL),
(9, 34, 0, 'AAA', 'Proof of address', '11/02/2020', 'RTRTRTRT', 0, '2020-02-24 15:14:18', NULL),
(10, 13, 0, 'vignesh1', 'Insurance certificate', '29/02/2020', 'ljbljljbljbkjb,jb,', 1, '2020-02-24 15:25:35', '2020-02-25 10:01:37'),
(11, 34, 0, 'AAA', 'Proof of address', '11/02/2020', NULL, 0, '2020-02-24 17:15:31', NULL),
(12, 13, 0, 'Furniture sample', 'Furniture purchase invoice', '27/02/2020', 'Please update property', 0, '2020-02-24 18:41:54', NULL),
(13, 43, 0, 'homey', 'Id card', '29/02/2020', 'testing', 1, '2020-02-26 13:12:14', '2020-03-03 05:11:00'),
(14, 41, 0, 'JJJ', 'Id card', '26/02/2020', 'CTJH', 0, '2020-02-26 14:31:34', '2020-02-26 14:31:58'),
(15, 13, 31, 'for notification', 'Proof of address', '11/02/2020', 'for notification test', 0, '2020-02-28 18:55:42', NULL),
(16, 13, 18, 'Upload annual agreement', 'Other', '04/03/2020', 'Upload annual agreement', 0, '2020-03-02 06:42:04', '2020-03-04 05:25:22'),
(17, 43, 29, 'hhh', 'Id card', '26/03/2020', 'test', 0, '2020-03-03 05:55:28', NULL),
(18, 13, 0, 'Request you to send ID proof', 'Id card', '11/03/2020', 'Send in pdf or excel format', 0, '2020-03-04 08:02:50', '2020-03-11 11:32:08'),
(26, 13, 0, 'vicky', 'Proof of address', '29/03/2020', 'fast', 0, '2020-03-27 11:25:17', NULL),
(19, 47, 0, 'id card', 'Id card', '23/03/2020', 'good', 0, '2020-03-05 13:09:57', NULL),
(20, 48, 0, 'adhar card', 'Proof of address', '09/03/2020', 'coming on friday', 0, '2020-03-06 09:12:28', NULL),
(21, 13, 0, 'vickyproof', 'Id card', '20/03/2020', 'hi up it', 0, '2020-03-10 07:13:41', NULL),
(22, 13, 30, 'tesrlf', 'Furniture purchase invoice', '28/03/2020', 'fgfhsdsasdfh', 0, '2020-03-10 09:34:04', NULL),
(23, 13, 18, 'vickytest', 'Id card', '28/03/2020', 'tetstedttgdfh', 1, '2020-03-10 09:35:56', '2020-03-10 09:38:48'),
(24, 13, 18, 'Vikram Jothi Aroul Jothi', 'Insurance certificate', '04/03/2020', 'sadsa', 1, '2020-03-10 09:36:32', '2020-03-10 09:37:24'),
(25, 45, 0, 'jefrry', 'Proof of address', '12/03/2020', 'jesssy', 1, '2020-03-10 15:13:04', '2020-03-26 05:21:30'),
(27, 52, 0, 'Ouss', 'Furniture purchase invoice', '01/04/2020', 'Bonjour All Stars\nVeuillez nous faire parvenir les documents d\'quipements svp\nBien  vous', 0, '2020-04-01 10:48:24', '2020-04-01 10:50:39');

-- --------------------------------------------------------

--
-- Table structure for table `users`
--

CREATE TABLE `users` (
  `id` int(10) UNSIGNED NOT NULL,
  `name` varchar(255) COLLATE utf8mb4_unicode_ci NOT NULL,
  `email` varchar(255) COLLATE utf8mb4_unicode_ci NOT NULL,
  `password` varchar(255) COLLATE utf8mb4_unicode_ci NOT NULL,
  `remember_token` varchar(100) COLLATE utf8mb4_unicode_ci DEFAULT NULL,
  `user_id` int(11) DEFAULT NULL,
  `role` int(11) DEFAULT NULL,
  `is_logged_status` int(11) NOT NULL DEFAULT '0',
  `login_permit` int(11) DEFAULT '1' COMMENT '1 = permit; 0 = not-permit',
  `created_at` timestamp NULL DEFAULT NULL,
  `updated_at` timestamp NULL DEFAULT NULL
) ENGINE=MyISAM DEFAULT CHARSET=utf8mb4 COLLATE=utf8mb4_unicode_ci;

--
-- Dumping data for table `users`
--

INSERT INTO `users` (`id`, `name`, `email`, `password`, `remember_token`, `user_id`, `role`, `is_logged_status`, `login_permit`, `created_at`, `updated_at`) VALUES
(1, 'Coralmint Admin', 'admin@coralmint.in', '$2y$10$.0wyWtsXsU8WI3sPJyu4X.HBgHuQZ7wNs05ZjxOxSznlk81VWEOA2', '9NJSm4GrkMCS2kvL0UXh9EFjVo4cWoPYViqsOrp34MPZwOkk5MEZzD8UOr00', 0, 1, 0, 1, '2019-10-09 08:17:05', '2019-10-09 08:17:05'),
(2, 'Coralmint User', 'user@coralmint.in', '$2y$10$TSg6I1er0jLnpLjJ7F2h7.rJo/O9l56QGWGrHen3Y5v5RSXkyQUlS', '4xfw89N98jDFX9RCrJSmNtYr4fV0z4Wl7JP3RIp75MFyVTDVIqB1eR6eygmG', NULL, 2, 0, 1, '2020-01-29 02:27:16', '2020-02-03 12:37:45'),
(9, 'vignesh', 'hari@gmail.com', '$2y$10$ELRs/Cm8Z1TfA/mGtRazs.v6G70PhX5OzkC1U0jXRk4J7qB0g33ii', 'XHTflUdIwcsZbXZIvLRXzQ07RgenRptJoH5YMrFNRKLqpw3dp82w0122oEgC', 20, 2, 1, 1, NULL, '2020-02-01 11:19:51'),
(10, 'vignesh', 'vinoth@coralmint.in', '$2y$10$8kfb4K6gRGu4V3ISAst9SeXwPrF9rCP1z7Trg8W5BgN6uz4CQ.f4e', 'XQnH4BmvpBYYaHpG94o1RoSkcFKwPqfXnFJaCNbVpB7G6iMiOGtPT2KL7I3r', 13, 2, 1, 1, '2020-01-30 13:25:19', '2020-02-26 15:07:07'),
(11, 'nancyvicky', 'vikram3vpm@gmail.com', '$2y$10$orZNQUP5CDqvzNN0dw84ZOUQoeN.ZhqjRWg5G48/G7os4cXKsce3i', NULL, 23, 2, 0, 1, '2020-02-01 09:45:25', NULL),
(17, 'Lola', 'coralminttechnologysolution@gmail.com', '$2y$10$D1gAyCsEHLMnYAH7PJHQhOvX4F3b8uXnWx4qArX..zpUwroaD64Ru', NULL, 29, 2, 0, 1, '2020-02-05 09:55:03', NULL),
(18, 'OUSS', 'oly@stephaneplazaimmobilier.com', '$2y$10$YDWKVKLVjdbl15pxXhyIeOqdK6SqQyhqvqUW.CKRf9PtB.M2xkjkm', 'KH3v1Zp7rHGVaxbbpp4roHQacTur4Pj6RltXYzt1gfZQ4IaJCiyVPrlAeStH', 30, 2, 1, 1, '2020-02-12 00:02:32', '2020-02-18 14:48:01'),
(13, 'MONTMORENCY', 'ymontmorency@gmail.com', '$2y$10$xKTGDQp5iYdxbxNStYADV.4uBJqNREvIkwlsCgHd5Ya4hIIFI3Cfe', NULL, 25, 2, 0, 1, '2020-02-03 13:15:57', NULL),
(16, 'Franck', 'contact@coralmint.in', '$2y$10$oSWfgPR2r7tCe0w7An6qDe0Z90jhiKeTdCIxNTMyx98NYQrYvfCi.', 'RqoqcFbhvs364FyxbDLpcqSjHSZx7wv872uqYIAlSHQTropXikIH7yrMGSZp', 28, 2, 0, 1, '2020-02-05 09:48:14', '2020-02-26 08:47:02'),
(20, 'cmt test vinoth', 'lee.vino13@gmail.com', '$2y$10$F0dqrJpw6SwcaNdrzzzx4.GGrl7gkV3XbuQgBEo6i4UymMLkbCPVG', 'm2zDDBykx046GzqWOjTM2k5orkR0y8zFZy5IIvsZejIKw1lMefQgQJ5TzF1j', 32, 2, 1, 1, '2020-02-13 11:21:27', '2020-02-13 11:33:52'),
(21, 'Jerome', 'jbenichou@stephaneplazaimmobilier.com', '$2y$10$DgkA9kGD0jFV2ptBogFILuI2q03GgnJ2ZlNyLBy65C4AKC8Vl/KIK', 'JEo2CAEgLcosZf6uMpW3FfNMZTMkc7tTb0DeNqxhLYMN2vj5FcgBwtb9auPl', 33, 2, 1, 1, '2020-02-18 14:42:52', '2020-02-18 14:44:53'),
(22, 'nancy', 'wefSCscq@gmail.com', '$2y$10$NO.uAHgbtoHkDWX0T8lGou0jRPlpAxLRqMvXAeS/9xUTF1P4sM54C', NULL, 34, 2, 0, 1, '2020-02-24 06:52:59', NULL),
(23, 'priyaji', 'priyaji@coralmint.in', '$2y$10$X5y/txNeya86W0GwUXjX5u7aHHCBjdW/Qz7jZE3fri66hIl/7gc.6', NULL, 35, 2, 0, 1, '2020-02-24 09:23:49', NULL),
(24, 'nancy', 'sujanancy@gmail.com', '$2y$10$VcpKPf//fV1ucfxZWY1CiOOuWM1I2bGQ81rFIBlqbSEiQj7G6h9mi', 'cgdREA4mZ0ia5pI76AVp6LVW44nQKiMMwX8KnQgrNCiUMhpSMEZmPu55CwHG', 36, 2, 1, 1, '2020-02-24 10:50:54', '2020-02-25 08:59:35'),
(25, 'dvhrdb', 'suja', '$2y$10$.mdbdcWI.vuIGwsDbtEZvOpbzvzJXkXCjMErI4TtHaxehlpe/jCKi', NULL, 37, 2, 0, 1, '2020-02-24 14:15:44', NULL),
(26, 'nnn', 'nancy2012.n@gmail.com', '$2y$10$uELQoG15s13YR0ZHI7TnruHlwtDbrJHFdYIuAdyQA4xgd//p/zwu6', NULL, 38, 2, 0, 1, '2020-02-24 14:19:32', NULL),
(27, 'tyt', 'nancy@gmail.com', '$2y$10$Y3ZNbb7pYQh7UzcjAVx5pOS5O4qSz9d0PDDsNE7K2PhEWK0QSOk/m', NULL, 39, 2, 0, 1, '2020-02-24 14:37:09', NULL),
(28, 'ROZI', 'ymontmorency@gmail.com', '$2y$10$msSmHNJuK40f5Y6h4mjyw.0jK9WNgZgWQgLNxynncCevh5v36TWhy', NULL, 40, 2, 0, 1, '2020-02-25 22:09:38', NULL),
(29, 'nancy', 'sujanancy@coralmint.in', '$2y$10$kFBNQ8Ycxhce4hVYZnLRW.is8a6lakpagC8ArSCzVLi00BHHVpNuu', 'xsG82DEs0kpwZ4hRz1VOUDSu4u8yhTQywf5YDUuutthnoU0bTRbUCmfRlTfh', 41, 2, 1, 1, '2020-02-26 07:16:41', '2020-02-26 07:34:34'),
(30, 'nancy', 'bhavithra.t@gmail.com', '$2y$10$gnu.d35uby1frvVLioRPY.9jUIzNvwamOcQEGKHnf99O.9O4i/oT6', 'hOQSIFZH3RSXcDZ6fRmgmCQqGJx5qVrrSsLprojR4KUbnrQby4kgGhiDpP3e', 42, 2, 1, 1, '2020-02-26 12:07:37', '2020-02-26 15:05:12'),
(31, 'sujee', 'prahatheeswaran26@gmail.com', '$2y$10$hMG2L4MuuewWQUmWhYYOEesdT1w.o7EPhh9jsCPXb9qqnxKZoXzxe', 'dINS5l0zRvR9FL0oIn81yZqlsBhVsO3k2BPGxIELhsxHW4kSx5no0l3ijqJ8', 43, 2, 1, 1, '2020-02-26 13:01:28', '2020-02-26 13:31:41'),
(32, 'vignesh', 'hari11@gmail.com', '$2y$10$SeP.89B8Ht7LCixruSEGAuHNR6RkMCAbX2pi/Me0c24o/rT.auerC', NULL, 44, 2, 0, 1, '2020-02-28 19:05:07', NULL),
(33, 'eniya', 'eniyaryan@gmail.com', '$2y$10$YKf.avuIWVLKNR/U/cC5uepYz/AYfQT/LuO5Ju7vGh96LklS5aTvG', 'QrG6bFHGpDNhCbq6GyRkKhRfH8wxPm5W3rhUyxI7eppyVfgyrGX3zpKCx8qB', 45, 2, 1, 1, '2020-03-03 06:39:59', '2020-03-10 14:20:49'),
(34, 'geeve', 'geeve@gmail.com', '$2y$10$s2A.Kw2QW4H2ulm9k2f19OGsZqlCV94yKXqug7Gs663988h8MwtLS', NULL, 46, 2, 0, 1, '2020-03-05 11:23:40', NULL),
(35, 'ramesh', 'syletjenitha19@gmail.com', '$2y$10$tEE/EQwVAmtr9SHDTboeuO.pLfO0L9KxxJGN6JMARtkAu/RQQjBYe', 'gvwHVoHB5FuH3Q45ye5QfZQFk4vwajjO9BQDXz0SOyIgk1p1ex8joDa2cyA7', 47, 2, 1, 1, '2020-03-05 12:05:06', '2020-03-05 12:24:30'),
(36, 'seeli', 'jenitha@coralmint.in', '$2y$10$33yjFSG2/dhqgWrxPgmKa.Jwoyvkd3XOUpXWLlNKxd1JRgkbRnIzK', 'AMRmi8vjZQfK85lfTdVrbiXritw9ODtFb6PxGjbBmUqq0x7x7Cs8TglMBK8i', 48, 2, 1, 1, '2020-03-06 05:40:56', '2020-03-06 09:14:02'),
(37, 'meena', 'meenatchi3meenu@gmail.com', '$2y$10$IjPXF4UcmQb/BiyU0sC.seOHd9Q74.WY2zya89T2eT0zr8k2Od38K', NULL, 49, 2, 0, 1, '2020-03-06 10:28:09', '2020-03-06 10:34:12'),
(38, 'meenatchi', 'vignesh@coralmint.in', '$2y$10$yU6c6VH/cUWHnwSS/QbGzuQA647CRI9mR9BKMWC1S1vmx4yowNoFS', '3GgjWVOk8OsTgAFqQaxLOc2bFKbRRTNqatnsdEzmawl2oDKXEbSnHITLaFWU', 50, 2, 1, 1, '2020-03-06 10:37:40', '2020-03-06 10:39:05'),
(39, 'arun', 'vignesh@coralmint.in', '$2y$10$LdFtsbEsG/EJ2JKBLwtbzeO9I/alTmgh5L7KKyjcCdmZEwqH09k6.', NULL, 51, 2, 0, 1, '2020-03-23 06:18:42', NULL),
(40, 'Jordan', 'weuzly@gmail.com', '$2y$10$VcfdAOm8LXxa6GnnnCu1.epC7lB.HM1hZTBVe8sQrtdOHAQJUpM/W', 'Tmt6krShJE9pfNi9jRCeE9sNuWQTnwdgH4lLB0pHHwk2w2fHdL0mWOAUoDXy', 52, 2, 1, 1, '2020-04-01 09:37:40', '2020-04-01 09:43:38');

-- --------------------------------------------------------

--
-- Table structure for table `user_old`
--

CREATE TABLE `user_old` (
  `user_id` int(11) NOT NULL,
  `name` varchar(255) DEFAULT NULL,
  `email_id` varchar(255) DEFAULT NULL,
  `password` varchar(255) DEFAULT NULL,
  `owner_id` int(11) DEFAULT NULL,
  `role` varchar(255) DEFAULT NULL,
  `status` int(11) DEFAULT NULL,
  `created_at` datetime NOT NULL DEFAULT CURRENT_TIMESTAMP,
  `modified_at` datetime NOT NULL DEFAULT CURRENT_TIMESTAMP
) ENGINE=InnoDB DEFAULT CHARSET=latin1;

--
-- Dumping data for table `user_old`
--

INSERT INTO `user_old` (`user_id`, `name`, `email_id`, `password`, `owner_id`, `role`, `status`, `created_at`, `modified_at`) VALUES
(15, 'Hi', '2020-02-26 05:23:32', NULL, NULL, NULL, NULL, '2020-02-26 05:23:32', '2020-02-26 05:23:32'),
(16, 'Hi', '2020-02-26 05:48:32', NULL, NULL, NULL, NULL, '2020-02-26 05:48:32', '2020-02-26 05:48:32'),
(17, 'Hi', '2020-02-26 06:03:00', NULL, NULL, NULL, NULL, '2020-02-26 06:03:00', '2020-02-26 06:03:00'),
(18, 'Hi', '2020-02-26 06:16:17', NULL, NULL, NULL, NULL, '2020-02-26 06:16:17', '2020-02-26 06:16:17'),
(19, 'Hi', '2020-02-26 15:06:08', NULL, NULL, NULL, NULL, '2020-02-26 15:06:08', '2020-02-26 15:06:08');

--
-- Indexes for dumped tables
--

--
-- Indexes for table `announcement`
--
ALTER TABLE `announcement`
  ADD PRIMARY KEY (`announcement_id`);

--
-- Indexes for table `announcement_document`
--
ALTER TABLE `announcement_document`
  ADD PRIMARY KEY (`announcement_document_id`);

--
-- Indexes for table `comment_info`
--
ALTER TABLE `comment_info`
  ADD PRIMARY KEY (`comment_id`);

--
-- Indexes for table `log_history`
--
ALTER TABLE `log_history`
  ADD PRIMARY KEY (`log_history_id`);

--
-- Indexes for table `master_table`
--
ALTER TABLE `master_table`
  ADD PRIMARY KEY (`master_table_id`);

--
-- Indexes for table `notification_log`
--
ALTER TABLE `notification_log`
  ADD PRIMARY KEY (`notification_log_id`);

--
-- Indexes for table `occupancy_info`
--
ALTER TABLE `occupancy_info`
  ADD PRIMARY KEY (`occupancy_id`);

--
-- Indexes for table `owner_info`
--
ALTER TABLE `owner_info`
  ADD PRIMARY KEY (`owner_id`);

--
-- Indexes for table `password_resets`
--
ALTER TABLE `password_resets`
  ADD KEY `password_resets_email_index` (`email`);

--
-- Indexes for table `property`
--
ALTER TABLE `property`
  ADD PRIMARY KEY (`property_id`);

--
-- Indexes for table `property_document`
--
ALTER TABLE `property_document`
  ADD PRIMARY KEY (`property_document_id`);

--
-- Indexes for table `property_image`
--
ALTER TABLE `property_image`
  ADD PRIMARY KEY (`property_image_id`);

--
-- Indexes for table `property_rent`
--
ALTER TABLE `property_rent`
  ADD PRIMARY KEY (`property_rent_id`);

--
-- Indexes for table `request_info`
--
ALTER TABLE `request_info`
  ADD PRIMARY KEY (`request_info_id`);

--
-- Indexes for table `users`
--
ALTER TABLE `users`
  ADD PRIMARY KEY (`id`);

--
-- Indexes for table `user_old`
--
ALTER TABLE `user_old`
  ADD PRIMARY KEY (`user_id`);

--
-- AUTO_INCREMENT for dumped tables
--

--
-- AUTO_INCREMENT for table `announcement`
--
ALTER TABLE `announcement`
  MODIFY `announcement_id` int(11) NOT NULL AUTO_INCREMENT, AUTO_INCREMENT=3;

--
-- AUTO_INCREMENT for table `announcement_document`
--
ALTER TABLE `announcement_document`
  MODIFY `announcement_document_id` int(11) NOT NULL AUTO_INCREMENT, AUTO_INCREMENT=2;

--
-- AUTO_INCREMENT for table `comment_info`
--
ALTER TABLE `comment_info`
  MODIFY `comment_id` int(11) NOT NULL AUTO_INCREMENT;

--
-- AUTO_INCREMENT for table `log_history`
--
ALTER TABLE `log_history`
  MODIFY `log_history_id` int(11) NOT NULL AUTO_INCREMENT, AUTO_INCREMENT=319;

--
-- AUTO_INCREMENT for table `master_table`
--
ALTER TABLE `master_table`
  MODIFY `master_table_id` int(11) NOT NULL AUTO_INCREMENT;

--
-- AUTO_INCREMENT for table `notification_log`
--
ALTER TABLE `notification_log`
  MODIFY `notification_log_id` int(11) NOT NULL AUTO_INCREMENT, AUTO_INCREMENT=74;

--
-- AUTO_INCREMENT for table `occupancy_info`
--
ALTER TABLE `occupancy_info`
  MODIFY `occupancy_id` int(11) NOT NULL AUTO_INCREMENT, AUTO_INCREMENT=2441;

--
-- AUTO_INCREMENT for table `owner_info`
--
ALTER TABLE `owner_info`
  MODIFY `owner_id` int(11) NOT NULL AUTO_INCREMENT, AUTO_INCREMENT=53;

--
-- AUTO_INCREMENT for table `property`
--
ALTER TABLE `property`
  MODIFY `property_id` int(11) NOT NULL AUTO_INCREMENT, AUTO_INCREMENT=45;

--
-- AUTO_INCREMENT for table `property_document`
--
ALTER TABLE `property_document`
  MODIFY `property_document_id` int(11) NOT NULL AUTO_INCREMENT, AUTO_INCREMENT=42;

--
-- AUTO_INCREMENT for table `property_image`
--
ALTER TABLE `property_image`
  MODIFY `property_image_id` int(11) NOT NULL AUTO_INCREMENT, AUTO_INCREMENT=80;

--
-- AUTO_INCREMENT for table `property_rent`
--
ALTER TABLE `property_rent`
  MODIFY `property_rent_id` int(11) NOT NULL AUTO_INCREMENT, AUTO_INCREMENT=110;

--
-- AUTO_INCREMENT for table `request_info`
--
ALTER TABLE `request_info`
  MODIFY `request_info_id` int(11) NOT NULL AUTO_INCREMENT, AUTO_INCREMENT=28;

--
-- AUTO_INCREMENT for table `users`
--
ALTER TABLE `users`
  MODIFY `id` int(10) UNSIGNED NOT NULL AUTO_INCREMENT, AUTO_INCREMENT=41;

--
-- AUTO_INCREMENT for table `user_old`
--
ALTER TABLE `user_old`
  MODIFY `user_id` int(11) NOT NULL AUTO_INCREMENT, AUTO_INCREMENT=20;
COMMIT;

/*!40101 SET CHARACTER_SET_CLIENT=@OLD_CHARACTER_SET_CLIENT */;
/*!40101 SET CHARACTER_SET_RESULTS=@OLD_CHARACTER_SET_RESULTS */;
/*!40101 SET COLLATION_CONNECTION=@OLD_COLLATION_CONNECTION */;
